{
  "HVIGOR_OHOS_PLUGIN": {
    "MODULES": [
      {
        "MODULE_NAME": "1043bfc77febe75fafec0c4309faccf1",
        "API_TYPE": "stageMode"
      }
    ],
    "BUILD_MODE": "debug",
    "USE_NORMALIZED_OHMURL": true
  },
  "HVIGOR": {
    "IS_INCREMENTAL": true,
    "IS_DAEMON": true,
    "IS_PARALLEL": true,
    "IS_HVIGORFILE_TYPE_CHECK": false,
    "TASK_TIME": {
      "1043bfc77febe75fafec0c4309faccf1": {
        "CreateModuleInfo": 7267300,
        "PreCheckSyscap": 991500,
        "PreviewProcessResource": 18029200,
        "PreviewCompileResource": 1488913800,
        "PreviewHookCompileResource": 622800,
        "CopyPreviewProfile": 23696000,
        "ReplacePreviewerPage": 788300,
        "buildPreviewerResource": 363900,
        "PreviewUpdateAssets": 12281500,
        "PreviewArkTS": 18806930100,
        "PreviewBuild": 415000
      }
    },
    "TOTAL_TIME": 21333070200,
    "BUILD_ID": "202505151942055040"
  }
}