{"CACHE_SYNC_FILE_HASH":{"C:\\duan\\home\\xx\\YOLO-main\\hvigor\\hvigor-config.json5":"cb53b9e896be8b9f1c1add5d727d94d691f95b4a40086b6f10ec2ab440235cec","C:\\duan\\home\\xx\\YOLO-main\\build-profile.json5":"4914d3f8f3d356dc691127119572ec39410fdb385a7f62e7f15ccab252a04035","C:\\duan\\home\\xx\\YOLO-main\\hvigorfile.ts":"d76f51d021853eb223ab6dd9276b670756d69a90b850e318dfe8d23669d01df5","C:\\duan\\home\\xx\\YOLO-main\\oh-package.json5":"15b5db9bda7ea8c5494ba655ef0a296c73f77dc3b572943484e8b4c21ee820be","C:\\duan\\home\\xx\\YOLO-main\\entry\\build-profile.json5":"9be02c6484a6fd461e22b6de067ecdc3ebe91a4dc323308ec803d2a40242bcdd","C:\\duan\\home\\xx\\YOLO-main\\entry\\hvigorfile.ts":"d76f51d021853eb223ab6dd9276b670756d69a90b850e318dfe8d23669d01df5","C:\\duan\\home\\xx\\YOLO-main\\entry\\oh-package.json5":"6c20083af20cfa2b73272de9226d25034027a8ea169a71fe317681b313d54479","C:\\duan\\home\\xx\\YOLO-main\\.hvigor\\outputs\\sync\\output.json":"c05f74a73b9bbf878fbf20580ae6d0dbe9838f34c0bcab3fc691ae45423503a4","SDK_LOCATION":"C:/HarmonyOs/DevEco Studio/sdk"},"OHPM_INSTALL_FILE_HASH":{"C:\\duan\\home\\xx\\YOLO-main\\oh-package.json5":"15b5db9bda7ea8c5494ba655ef0a296c73f77dc3b572943484e8b4c21ee820be","C:\\duan\\home\\xx\\YOLO-main\\oh_modules\\.ohpm\\lock.json5":"31dfb56902be90262d8f917afa1255e5f34948005c381a09a57781a071061b28","C:\\duan\\home\\xx\\YOLO-main\\entry\\oh-package.json5":"6c20083af20cfa2b73272de9226d25034027a8ea169a71fe317681b313d54479","C:\\duan\\home\\xx\\YOLO-main\\oh_modules":true,"C:\\duan\\home\\xx\\YOLO-main\\entry\\oh_modules":false}}