{"deviceType":"phone,tablet,2in1","buildMode":"debug","note":"false","logLevel":"3","isPreview":"true","port":"29906","checkEntry":"true","localPropertiesPath":"C:\\duan\\home\\xx\\YOLO-main\\local.properties","Path":"C:\\HarmonyOs\\DevEco Studio\\tools\\node\\","aceProfilePath":"C:\\duan\\home\\xx\\YOLO-main\\entry\\.preview\\default\\intermediates\\res\\default\\resources\\base\\profile","hapMode":"false","img2bin":"true","projectProfilePath":"C:\\duan\\home\\xx\\YOLO-main\\build-profile.json5","watchMode":"true","appResource":"C:\\duan\\home\\xx\\YOLO-main\\entry\\.preview\\default\\intermediates\\res\\default\\ResourceTable.txt","aceBuildJson":"C:\\duan\\home\\xx\\YOLO-main\\entry\\.preview\\default\\intermediates\\loader\\default\\loader.json","aceModuleRoot":"C:\\duan\\home\\xx\\YOLO-main\\entry\\src\\main\\ets","aceSoPath":"C:\\duan\\home\\xx\\YOLO-main\\entry\\.preview\\cache\\nativeDependencies.txt","cachePath":"C:\\duan\\home\\xx\\YOLO-main\\entry\\.preview\\cache\\.default","aceModuleBuild":"C:\\duan\\home\\xx\\YOLO-main\\entry\\.preview\\default\\intermediates\\assets\\default\\ets","aceModuleJsonPath":"C:\\duan\\home\\xx\\YOLO-main\\entry\\.preview\\default\\intermediates\\res\\default\\module.json","stageRouterConfig":{"paths":["C:\\duan\\home\\xx\\YOLO-main\\entry\\.preview\\default\\intermediates\\res\\default\\module.json","C:\\duan\\home\\xx\\YOLO-main\\entry\\.preview\\default\\intermediates\\res\\default\\resources\\base\\profile\\main_pages.json"],"contents":["{\"module\":{\"pages\":\"$profile:main_pages\",\"name\":\"entry\"}}","{\"src\":[\"pages/Index\",\"pages/VideoAnalysisPage\",\"pages/RealTimeAnalysisTestPage\"]}"]}}