{"C:\\duan\\home\\xx\\YOLO-main\\AppScope\\app.json5":{"hashValue":"e7fd6d94de34fa89347107346d0defb1","name":"app.json5","path":"C:\\duan\\home\\xx\\YOLO-main\\AppScope\\app.json5","type":"file","isSymbolicLink":false,"fileMetaData":{"size":207,"lastModifiedTime":1747121931000}},"C:\\duan\\home\\xx\\YOLO-main\\entry\\src\\main\\module.json5":{"hashValue":"a76819755a0797a57891d818f73d5489","name":"module.json5","path":"C:\\duan\\home\\xx\\YOLO-main\\entry\\src\\main\\module.json5","type":"file","isSymbolicLink":false,"fileMetaData":{"size":2051,"lastModifiedTime":1747306702814}},"C:\\duan\\home\\xx\\YOLO-main\\build-profile.json5":{"hashValue":"b4b71584defeb3fe36ade1fe3e4e13a2","name":"build-profile.json5","path":"C:\\duan\\home\\xx\\YOLO-main\\build-profile.json5","type":"file","isSymbolicLink":false,"fileMetaData":{"size":757,"lastModifiedTime":1747121931000}},"C:\\duan\\home\\xx\\YOLO-main\\entry\\build-profile.json5":{"hashValue":"91a9285ef72e43581d6332792ae2b469","name":"build-profile.json5","path":"C:\\duan\\home\\xx\\YOLO-main\\entry\\build-profile.json5","type":"file","isSymbolicLink":false,"fileMetaData":{"size":422,"lastModifiedTime":1747121931000}},"C:\\duan\\home\\xx\\YOLO-main\\entry\\src\\main\\resources\\base\\profile\\main_pages.json":{"hashValue":"2ab77a25ed86c69eef367c2bbd7e991f","name":"main_pages.json","path":"C:\\duan\\home\\xx\\YOLO-main\\entry\\src\\main\\resources\\base\\profile\\main_pages.json","type":"file","isSymbolicLink":false,"fileMetaData":{"size":106,"lastModifiedTime":1747306537940}},"C:\\duan\\home\\xx\\YOLO-main\\hvigor\\hvigor-config.json5":{"hashValue":"821dbf751c0312a207391a85c54df9cb","name":"hvigor-config.json5","path":"C:\\duan\\home\\xx\\YOLO-main\\hvigor\\hvigor-config.json5","type":"file","isSymbolicLink":false,"fileMetaData":{"size":1301,"lastModifiedTime":1747121931000}},"C:\\duan\\home\\xx\\YOLO-main\\entry\\src\\mock\\mock-config.json5":{"hashValue":"658dc3b869433e99a359cc182c9e2f4d","name":"mock-config.json5","path":"C:\\duan\\home\\xx\\YOLO-main\\entry\\src\\mock\\mock-config.json5","type":"file","isSymbolicLink":false,"fileMetaData":{"size":3,"lastModifiedTime":1747121931000}},"C:\\duan\\home\\xx\\YOLO-main\\entry\\oh-package.json5":{"hashValue":"67c4328ebf74788c449f47b0d620fd45","name":"oh-package.json5","path":"C:\\duan\\home\\xx\\YOLO-main\\entry\\oh-package.json5","type":"file","isSymbolicLink":false,"fileMetaData":{"size":173,"lastModifiedTime":1747121931000}},"C:\\duan\\home\\xx\\YOLO-main\\oh-package.json5":{"hashValue":"f9a5fc5559055eb987f494b78e858b88","name":"oh-package.json5","path":"C:\\duan\\home\\xx\\YOLO-main\\oh-package.json5","type":"file","isSymbolicLink":false,"fileMetaData":{"size":200,"lastModifiedTime":1747121931000}},"C:\\duan\\home\\xx\\YOLO-main\\entry\\.preview\\default\\intermediates\\merge_profile\\default\\module.json":{"hashValue":"d9cb311ee33344ae44464daa58724dbc","name":"module.json","path":"C:\\duan\\home\\xx\\YOLO-main\\entry\\.preview\\default\\intermediates\\merge_profile\\default\\module.json","type":"file","isSymbolicLink":false,"fileMetaData":{"size":2199,"lastModifiedTime":1747309086856}},"C:\\duan\\home\\xx\\YOLO-main\\entry\\.preview\\default\\generated\\profile\\default\\BuildProfile.ets":{"hashValue":"acc5d1b47ed8deed0e6bca015010d9cc","name":"BuildProfile.ets","path":"C:\\duan\\home\\xx\\YOLO-main\\entry\\.preview\\default\\generated\\profile\\default\\BuildProfile.ets","type":"file","isSymbolicLink":false,"fileMetaData":{"size":860,"lastModifiedTime":1747309086903}},"C:\\duan\\home\\xx\\YOLO-main\\entry\\.preview\\default\\intermediates\\loader\\default\\pkgContextInfo.json":{"hashValue":"13ca534e8401f06c69fce758bd40d7d0","name":"pkgContextInfo.json","path":"C:\\duan\\home\\xx\\YOLO-main\\entry\\.preview\\default\\intermediates\\loader\\default\\pkgContextInfo.json","type":"file","isSymbolicLink":false,"fileMetaData":{"size":444,"lastModifiedTime":1747309087036}},"C:\\duan\\home\\xx\\YOLO-main\\entry\\.preview\\default\\intermediates\\process_profile\\default\\module.json":{"hashValue":"42e26210d144166c638c097190a6b797","name":"module.json","path":"C:\\duan\\home\\xx\\YOLO-main\\entry\\.preview\\default\\intermediates\\process_profile\\default\\module.json","type":"file","isSymbolicLink":false,"fileMetaData":{"size":2285,"lastModifiedTime":1747309089290}},"C:\\duan\\home\\xx\\YOLO-main\\entry\\.preview\\default\\intermediates\\router_map\\default\\temp-router-map.json":{"hashValue":"d9528742ea86c36e295be0bee0b4dc94","name":"temp-router-map.json","path":"C:\\duan\\home\\xx\\YOLO-main\\entry\\.preview\\default\\intermediates\\router_map\\default\\temp-router-map.json","type":"file","isSymbolicLink":false,"fileMetaData":{"size":16,"lastModifiedTime":1747309089362}},"C:\\duan\\home\\xx\\YOLO-main\\entry\\.preview\\default\\intermediates\\router_map\\default\\loader-router-map.json":{"hashValue":"2566cd2b66fe7c076df83b62453a0f57","name":"loader-router-map.json","path":"C:\\duan\\home\\xx\\YOLO-main\\entry\\.preview\\default\\intermediates\\router_map\\default\\loader-router-map.json","type":"file","isSymbolicLink":false,"fileMetaData":{"size":16,"lastModifiedTime":1747309089367}},"C:\\duan\\home\\xx\\YOLO-main\\entry\\.preview\\default\\intermediates\\loader\\default\\loader.json":{"hashValue":"87d76af27c5a392555351ea5fa4918fa","name":"loader.json","path":"C:\\duan\\home\\xx\\YOLO-main\\entry\\.preview\\default\\intermediates\\loader\\default\\loader.json","type":"file","isSymbolicLink":false,"fileMetaData":{"size":811,"lastModifiedTime":1747309089757}},"C:\\duan\\home\\xx\\YOLO-main\\entry\\src\\main\\resources":{"hashValue":"44569d9d57c740f3afd97f4abfa1fc0a","name":"resources","path":"C:\\duan\\home\\xx\\YOLO-main\\entry\\src\\main\\resources","type":"directory","isSymbolicLink":false,"children":[{"hashValue":"ffbfc586ddda0fd86534204345609003","name":"base","path":"C:\\duan\\home\\xx\\YOLO-main\\entry\\src\\main\\resources\\base","type":"directory","isSymbolicLink":false,"children":[{"hashValue":"e620349fa4f599f9acba4072c5a8174d","name":"element","path":"C:\\duan\\home\\xx\\YOLO-main\\entry\\src\\main\\resources\\base\\element","type":"directory","isSymbolicLink":false,"children":[{"hashValue":"e7ed8bd1bad366cb9110ea26aad27b44","name":"color.json","path":"C:\\duan\\home\\xx\\YOLO-main\\entry\\src\\main\\resources\\base\\element\\color.json","type":"file","isSymbolicLink":false,"fileMetaData":{"size":98,"lastModifiedTime":1747121931000}},{"hashValue":"4852a276041e037d72d981bee98be37a","name":"float.json","path":"C:\\duan\\home\\xx\\YOLO-main\\entry\\src\\main\\resources\\base\\element\\float.json","type":"file","isSymbolicLink":false,"fileMetaData":{"size":366,"lastModifiedTime":1747121931000}},{"hashValue":"f9f3e042b8e2954a3680a729e38c7bf0","name":"string.json","path":"C:\\duan\\home\\xx\\YOLO-main\\entry\\src\\main\\resources\\base\\element\\string.json","type":"file","isSymbolicLink":false,"fileMetaData":{"size":639,"lastModifiedTime":1747306724460}}]},{"hashValue":"d38af0228ae45ea16906717f66b27951","name":"media","path":"C:\\duan\\home\\xx\\YOLO-main\\entry\\src\\main\\resources\\base\\media","type":"directory","isSymbolicLink":false,"children":[{"hashValue":"c7bd9678fb8e694a18c97240aeda4038","name":"background.png","path":"C:\\duan\\home\\xx\\YOLO-main\\entry\\src\\main\\resources\\base\\media\\background.png","type":"file","isSymbolicLink":false,"fileMetaData":{"size":91942,"lastModifiedTime":1747121931000}},{"hashValue":"00f8758aca72e379761f45bf93f2da76","name":"foreground.png","path":"C:\\duan\\home\\xx\\YOLO-main\\entry\\src\\main\\resources\\base\\media\\foreground.png","type":"file","isSymbolicLink":false,"fileMetaData":{"size":8805,"lastModifiedTime":1747121931000}},{"hashValue":"8a1045b1aac001102c1c9b318e670808","name":"layered_image.json","path":"C:\\duan\\home\\xx\\YOLO-main\\entry\\src\\main\\resources\\base\\media\\layered_image.json","type":"file","isSymbolicLink":false,"fileMetaData":{"size":109,"lastModifiedTime":1747121931000}},{"hashValue":"bbc02ca297a942cacbc2179a72517d0b","name":"startIcon.png","path":"C:\\duan\\home\\xx\\YOLO-main\\entry\\src\\main\\resources\\base\\media\\startIcon.png","type":"file","isSymbolicLink":false,"fileMetaData":{"size":20093,"lastModifiedTime":1747121931000}}]},{"hashValue":"fd92b20aca8eaf0beed0292044326533","name":"profile","path":"C:\\duan\\home\\xx\\YOLO-main\\entry\\src\\main\\resources\\base\\profile","type":"directory","isSymbolicLink":false,"children":[{"hashValue":"79df4f7198733f125d66c665f0433b62","name":"backup_config.json","path":"C:\\duan\\home\\xx\\YOLO-main\\entry\\src\\main\\resources\\base\\profile\\backup_config.json","type":"file","isSymbolicLink":false,"fileMetaData":{"size":34,"lastModifiedTime":1747121931000}},{"hashValue":"2ab77a25ed86c69eef367c2bbd7e991f","name":"main_pages.json","path":"C:\\duan\\home\\xx\\YOLO-main\\entry\\src\\main\\resources\\base\\profile\\main_pages.json","type":"file","isSymbolicLink":false,"fileMetaData":{"size":106,"lastModifiedTime":1747306537940}}]}]},{"hashValue":"c888e75c61e93a84bfd50fcdc4a77250","name":"dark","path":"C:\\duan\\home\\xx\\YOLO-main\\entry\\src\\main\\resources\\dark","type":"directory","isSymbolicLink":false,"children":[{"hashValue":"e275a3ac67660fa916ff66f183a5488a","name":"element","path":"C:\\duan\\home\\xx\\YOLO-main\\entry\\src\\main\\resources\\dark\\element","type":"directory","isSymbolicLink":false,"children":[{"hashValue":"e7ed8bd1bad366cb9110ea26aad27b44","name":"color.json","path":"C:\\duan\\home\\xx\\YOLO-main\\entry\\src\\main\\resources\\dark\\element\\color.json","type":"file","isSymbolicLink":false,"fileMetaData":{"size":98,"lastModifiedTime":1747121931000}}]}]}]},"C:\\duan\\home\\xx\\YOLO-main\\entry\\.preview\\default\\intermediates\\res\\default":{"hashValue":"d9b5bae97f232410d48e18669d724873","name":"default","path":"C:\\duan\\home\\xx\\YOLO-main\\entry\\.preview\\default\\intermediates\\res\\default","type":"directory","isSymbolicLink":false,"children":[{"hashValue":"c8b3721a4e9ca7f73f80619f4bf0391e","name":"app_compiled","path":"C:\\duan\\home\\xx\\YOLO-main\\entry\\.preview\\default\\intermediates\\res\\default\\app_compiled","type":"directory","isSymbolicLink":false,"children":[{"hashValue":"6122a41e1062770d3a1ef7052861df04","name":"12102494322284147766","path":"C:\\duan\\home\\xx\\YOLO-main\\entry\\.preview\\default\\intermediates\\res\\default\\app_compiled\\12102494322284147766","type":"file","isSymbolicLink":false,"fileMetaData":{"size":182,"lastModifiedTime":1747309327054}},{"hashValue":"5e89ad25c2988fbfeb16d6dc98e1bdf7","name":"16221977797092419067","path":"C:\\duan\\home\\xx\\YOLO-main\\entry\\.preview\\default\\intermediates\\res\\default\\app_compiled\\16221977797092419067","type":"file","isSymbolicLink":false,"fileMetaData":{"size":110,"lastModifiedTime":1747309327050}},{"hashValue":"7b63d41a618f403b5c3b064fcb573679","name":"503117176125584557","path":"C:\\duan\\home\\xx\\YOLO-main\\entry\\.preview\\default\\intermediates\\res\\default\\app_compiled\\503117176125584557","type":"file","isSymbolicLink":false,"fileMetaData":{"size":182,"lastModifiedTime":1747309327055}},{"hashValue":"f496475ff0be37fbd08d2ab5c7517ba1","name":"9691748657324675233","path":"C:\\duan\\home\\xx\\YOLO-main\\entry\\.preview\\default\\intermediates\\res\\default\\app_compiled\\9691748657324675233","type":"file","isSymbolicLink":false,"fileMetaData":{"size":194,"lastModifiedTime":1747309327057}}]},{"hashValue":"855f5431ff4c2e15dc5a3e0c6b1150a9","name":"ids_map","path":"C:\\duan\\home\\xx\\YOLO-main\\entry\\.preview\\default\\intermediates\\res\\default\\ids_map","type":"directory","isSymbolicLink":false,"children":[{"hashValue":"5655cf45fa9c86f2fa43e5edd4b5b58d","name":"id_defined.json","path":"C:\\duan\\home\\xx\\YOLO-main\\entry\\.preview\\default\\intermediates\\res\\default\\ids_map\\id_defined.json","type":"file","isSymbolicLink":false,"fileMetaData":{"size":1543,"lastModifiedTime":1747309327898}}]},{"hashValue":"8b71876fd7b59e3855d5f2f527d7c5c5","name":"mock-config.json","path":"C:\\duan\\home\\xx\\YOLO-main\\entry\\.preview\\default\\intermediates\\res\\default\\mock-config.json","type":"file","isSymbolicLink":false,"fileMetaData":{"size":2,"lastModifiedTime":1747187387477}},{"hashValue":"1ca2d8bf9c115dfde31fd7d048ec21b4","name":"module_compiled","path":"C:\\duan\\home\\xx\\YOLO-main\\entry\\.preview\\default\\intermediates\\res\\default\\module_compiled","type":"directory","isSymbolicLink":false,"children":[{"hashValue":"f6cbe7872d06eee9cbfedf9704dfeab2","name":"10576814237909467205","path":"C:\\duan\\home\\xx\\YOLO-main\\entry\\.preview\\default\\intermediates\\res\\default\\module_compiled\\10576814237909467205","type":"file","isSymbolicLink":false,"fileMetaData":{"size":210,"lastModifiedTime":1747309327435}},{"hashValue":"32e61e58bc20173b881df96c324b6b58","name":"11115775953752337352","path":"C:\\duan\\home\\xx\\YOLO-main\\entry\\.preview\\default\\intermediates\\res\\default\\module_compiled\\11115775953752337352","type":"file","isSymbolicLink":false,"fileMetaData":{"size":132,"lastModifiedTime":1747309327421}},{"hashValue":"7551a3aead0537503b11eeafc459a5a4","name":"1277110985620832145","path":"C:\\duan\\home\\xx\\YOLO-main\\entry\\.preview\\default\\intermediates\\res\\default\\module_compiled\\1277110985620832145","type":"file","isSymbolicLink":false,"fileMetaData":{"size":191,"lastModifiedTime":1747309327432}},{"hashValue":"ef35afd6a24bae4ee7c30322dc91ddf3","name":"16194545635779832430","path":"C:\\duan\\home\\xx\\YOLO-main\\entry\\.preview\\default\\intermediates\\res\\default\\module_compiled\\16194545635779832430","type":"file","isSymbolicLink":false,"fileMetaData":{"size":206,"lastModifiedTime":1747309327431}},{"hashValue":"37e766e823665986c306fb948fd1672f","name":"2831903940152243224","path":"C:\\duan\\home\\xx\\YOLO-main\\entry\\.preview\\default\\intermediates\\res\\default\\module_compiled\\2831903940152243224","type":"file","isSymbolicLink":false,"fileMetaData":{"size":611,"lastModifiedTime":1747309327423}},{"hashValue":"1111cc70fd36610620d22b46d0a6f065","name":"5351745209727058184","path":"C:\\duan\\home\\xx\\YOLO-main\\entry\\.preview\\default\\intermediates\\res\\default\\module_compiled\\5351745209727058184","type":"file","isSymbolicLink":false,"fileMetaData":{"size":201,"lastModifiedTime":1747309327436}},{"hashValue":"01d5964cefdfef02bfc237ed81c3cdde","name":"5578249244877409268","path":"C:\\duan\\home\\xx\\YOLO-main\\entry\\.preview\\default\\intermediates\\res\\default\\module_compiled\\5578249244877409268","type":"file","isSymbolicLink":false,"fileMetaData":{"size":140,"lastModifiedTime":1747309327440}},{"hashValue":"690d56098cc3bd82395194c3ff84d37c","name":"6939615768007589437","path":"C:\\duan\\home\\xx\\YOLO-main\\entry\\.preview\\default\\intermediates\\res\\default\\module_compiled\\6939615768007589437","type":"file","isSymbolicLink":false,"fileMetaData":{"size":943,"lastModifiedTime":1747309327425}},{"hashValue":"d361c2718119b13acdd7b47008d61f99","name":"8516484246977467022","path":"C:\\duan\\home\\xx\\YOLO-main\\entry\\.preview\\default\\intermediates\\res\\default\\module_compiled\\8516484246977467022","type":"file","isSymbolicLink":false,"fileMetaData":{"size":194,"lastModifiedTime":1747309327428}},{"hashValue":"ba00d103a797b3aa660c7847182bad0d","name":"9651562659881748240","path":"C:\\duan\\home\\xx\\YOLO-main\\entry\\.preview\\default\\intermediates\\res\\default\\module_compiled\\9651562659881748240","type":"file","isSymbolicLink":false,"fileMetaData":{"size":194,"lastModifiedTime":1747309327430}}]},{"hashValue":"fc026b276e479c3e9da07c0298ce193c","name":"module.json","path":"C:\\duan\\home\\xx\\YOLO-main\\entry\\.preview\\default\\intermediates\\res\\default\\module.json","type":"file","isSymbolicLink":false,"fileMetaData":{"size":2187,"lastModifiedTime":1747309328124}},{"hashValue":"d9872850621e4aba110514d67fd33940","name":"resources","path":"C:\\duan\\home\\xx\\YOLO-main\\entry\\.preview\\default\\intermediates\\res\\default\\resources","type":"directory","isSymbolicLink":false,"children":[{"hashValue":"6532b7ed0c72e151ee378236c4be4fff","name":"base","path":"C:\\duan\\home\\xx\\YOLO-main\\entry\\.preview\\default\\intermediates\\res\\default\\resources\\base","type":"directory","isSymbolicLink":false,"children":[{"hashValue":"35607f0f812bb92c1e600fbb69c73776","name":"media","path":"C:\\duan\\home\\xx\\YOLO-main\\entry\\.preview\\default\\intermediates\\res\\default\\resources\\base\\media","type":"directory","isSymbolicLink":false,"children":[{"hashValue":"adc5389977b52d384783edae434855f4","name":"layered_image.json","path":"C:\\duan\\home\\xx\\YOLO-main\\entry\\.preview\\default\\intermediates\\res\\default\\resources\\base\\media\\layered_image.json","type":"file","isSymbolicLink":false,"fileMetaData":{"size":95,"lastModifiedTime":1747309327893}}]},{"hashValue":"e226ed30419e9fd2d2239cfc0158651b","name":"profile","path":"C:\\duan\\home\\xx\\YOLO-main\\entry\\.preview\\default\\intermediates\\res\\default\\resources\\base\\profile","type":"directory","isSymbolicLink":false,"children":[{"hashValue":"79df4f7198733f125d66c665f0433b62","name":"backup_config.json","path":"C:\\duan\\home\\xx\\YOLO-main\\entry\\.preview\\default\\intermediates\\res\\default\\resources\\base\\profile\\backup_config.json","type":"file","isSymbolicLink":false,"fileMetaData":{"size":34,"lastModifiedTime":1747121931000}},{"hashValue":"f2cd23d23c2c9cf24cd4f2abc40f6870","name":"main_pages.json","path":"C:\\duan\\home\\xx\\YOLO-main\\entry\\.preview\\default\\intermediates\\res\\default\\resources\\base\\profile\\main_pages.json","type":"file","isSymbolicLink":false,"fileMetaData":{"size":83,"lastModifiedTime":1747309327986}}]}]}]},{"hashValue":"f832bdeaa1a4e7f19e531b6ac148b9bc","name":"resources.index","path":"C:\\duan\\home\\xx\\YOLO-main\\entry\\.preview\\default\\intermediates\\res\\default\\resources.index","type":"file","isSymbolicLink":false,"fileMetaData":{"size":1758,"lastModifiedTime":1747309327896}},{"hashValue":"a44ae23d541c60aefe9a1ea3b77a40ff","name":"ResourceTable.txt","path":"C:\\duan\\home\\xx\\YOLO-main\\entry\\.preview\\default\\intermediates\\res\\default\\ResourceTable.txt","type":"file","isSymbolicLink":false,"fileMetaData":{"size":653,"lastModifiedTime":1747309327902}}]},"C:\\duan\\home\\xx\\YOLO-main\\entry\\.preview\\default\\generated\\r\\default":{"hashValue":"90c1ac1933548ea84e12c7db16058a76","name":"default","path":"C:\\duan\\home\\xx\\YOLO-main\\entry\\.preview\\default\\generated\\r\\default","type":"directory","isSymbolicLink":false,"children":[{"hashValue":"22e9a76599bd71cb37cd30cc92e0bf4f","name":"ResourceTable.h","path":"C:\\duan\\home\\xx\\YOLO-main\\entry\\.preview\\default\\generated\\r\\default\\ResourceTable.h","type":"file","isSymbolicLink":false,"fileMetaData":{"size":1682,"lastModifiedTime":1747309327900}}]},"C:\\duan\\home\\xx\\YOLO-main\\entry\\src\\main\\resources\\base\\profile":{"hashValue":"fd92b20aca8eaf0beed0292044326533","name":"profile","path":"C:\\duan\\home\\xx\\YOLO-main\\entry\\src\\main\\resources\\base\\profile","type":"directory","isSymbolicLink":false,"children":[{"hashValue":"79df4f7198733f125d66c665f0433b62","name":"backup_config.json","path":"C:\\duan\\home\\xx\\YOLO-main\\entry\\src\\main\\resources\\base\\profile\\backup_config.json","type":"file","isSymbolicLink":false,"fileMetaData":{"size":34,"lastModifiedTime":1747121931000}},{"hashValue":"2ab77a25ed86c69eef367c2bbd7e991f","name":"main_pages.json","path":"C:\\duan\\home\\xx\\YOLO-main\\entry\\src\\main\\resources\\base\\profile\\main_pages.json","type":"file","isSymbolicLink":false,"fileMetaData":{"size":106,"lastModifiedTime":1747306537940}}]},"C:\\duan\\home\\xx\\YOLO-main\\entry\\.preview\\default\\intermediates\\res\\default\\resources\\base\\profile":{"hashValue":"e226ed30419e9fd2d2239cfc0158651b","name":"profile","path":"C:\\duan\\home\\xx\\YOLO-main\\entry\\.preview\\default\\intermediates\\res\\default\\resources\\base\\profile","type":"directory","isSymbolicLink":false,"children":[{"hashValue":"79df4f7198733f125d66c665f0433b62","name":"backup_config.json","path":"C:\\duan\\home\\xx\\YOLO-main\\entry\\.preview\\default\\intermediates\\res\\default\\resources\\base\\profile\\backup_config.json","type":"file","isSymbolicLink":false,"fileMetaData":{"size":34,"lastModifiedTime":1747121931000}},{"hashValue":"f2cd23d23c2c9cf24cd4f2abc40f6870","name":"main_pages.json","path":"C:\\duan\\home\\xx\\YOLO-main\\entry\\.preview\\default\\intermediates\\res\\default\\resources\\base\\profile\\main_pages.json","type":"file","isSymbolicLink":false,"fileMetaData":{"size":83,"lastModifiedTime":1747309327986}}]},"C:\\duan\\home\\xx\\YOLO-main\\entry\\.preview\\default\\intermediates\\res\\default\\module.json":{"hashValue":"fc026b276e479c3e9da07c0298ce193c","name":"module.json","path":"C:\\duan\\home\\xx\\YOLO-main\\entry\\.preview\\default\\intermediates\\res\\default\\module.json","type":"file","isSymbolicLink":false,"fileMetaData":{"size":2187,"lastModifiedTime":1747309328124}},"C:\\duan\\home\\xx\\YOLO-main\\entry\\.preview\\default\\intermediates\\res\\default\\resources\\base\\profile\\main_pages.json":{"hashValue":"f2cd23d23c2c9cf24cd4f2abc40f6870","name":"main_pages.json","path":"C:\\duan\\home\\xx\\YOLO-main\\entry\\.preview\\default\\intermediates\\res\\default\\resources\\base\\profile\\main_pages.json","type":"file","isSymbolicLink":false,"fileMetaData":{"size":83,"lastModifiedTime":1747309327986}},"C:\\duan\\home\\xx\\YOLO-main\\entry\\.preview\\default\\intermediates\\loader\\default":{"hashValue":"80cdae6c4a1889ff01136e23331e59a1","name":"default","path":"C:\\duan\\home\\xx\\YOLO-main\\entry\\.preview\\default\\intermediates\\loader\\default","type":"directory","isSymbolicLink":false,"children":[{"hashValue":"87d76af27c5a392555351ea5fa4918fa","name":"loader.json","path":"C:\\duan\\home\\xx\\YOLO-main\\entry\\.preview\\default\\intermediates\\loader\\default\\loader.json","type":"file","isSymbolicLink":false,"fileMetaData":{"size":811,"lastModifiedTime":1747309089757}},{"hashValue":"13ca534e8401f06c69fce758bd40d7d0","name":"pkgContextInfo.json","path":"C:\\duan\\home\\xx\\YOLO-main\\entry\\.preview\\default\\intermediates\\loader\\default\\pkgContextInfo.json","type":"file","isSymbolicLink":false,"fileMetaData":{"size":444,"lastModifiedTime":1747309087036}}]},"C:\\duan\\home\\xx\\YOLO-main\\entry\\.preview\\default\\intermediates\\res\\default\\ResourceTable.txt":{"hashValue":"a44ae23d541c60aefe9a1ea3b77a40ff","name":"ResourceTable.txt","path":"C:\\duan\\home\\xx\\YOLO-main\\entry\\.preview\\default\\intermediates\\res\\default\\ResourceTable.txt","type":"file","isSymbolicLink":false,"fileMetaData":{"size":653,"lastModifiedTime":1747309327902}},"C:\\duan\\home\\xx\\YOLO-main\\entry\\src\\main\\ets":{"hashValue":"c5879014317281623f96eac8cbd91dd0","name":"ets","path":"C:\\duan\\home\\xx\\YOLO-main\\entry\\src\\main\\ets","type":"directory","isSymbolicLink":false,"children":[{"hashValue":"d19f2ab68e41c7b83f89c28d7dfa2ef4","name":"common","path":"C:\\duan\\home\\xx\\YOLO-main\\entry\\src\\main\\ets\\common","type":"directory","isSymbolicLink":false,"children":[{"hashValue":"7929b6c148b97eef4a2f83a8f139ebba","name":"constants","path":"C:\\duan\\home\\xx\\YOLO-main\\entry\\src\\main\\ets\\common\\constants","type":"directory","isSymbolicLink":false,"children":[{"hashValue":"3f6abb25dd32867562917c0ae6477cd0","name":"CommonConstants.ets","path":"C:\\duan\\home\\xx\\YOLO-main\\entry\\src\\main\\ets\\common\\constants\\CommonConstants.ets","type":"file","isSymbolicLink":false,"fileMetaData":{"size":2869,"lastModifiedTime":1747309189616}}]}]},{"hashValue":"8cd0968385b39bf0c546cbe36dd1340e","name":"components","path":"C:\\duan\\home\\xx\\YOLO-main\\entry\\src\\main\\ets\\components","type":"directory","isSymbolicLink":false,"children":[{"hashValue":"4d1788b7b4d567e56bef7f194f326cd7","name":"PlateAnnotatorCanvas.ets","path":"C:\\duan\\home\\xx\\YOLO-main\\entry\\src\\main\\ets\\components\\PlateAnnotatorCanvas.ets","type":"file","isSymbolicLink":false,"fileMetaData":{"size":6925,"lastModifiedTime":1747121931000}},{"hashValue":"a5dd66ae2d8c607b454faecae527f5de","name":"PlateResultItem.ets","path":"C:\\duan\\home\\xx\\YOLO-main\\entry\\src\\main\\ets\\components\\PlateResultItem.ets","type":"file","isSymbolicLink":false,"fileMetaData":{"size":2098,"lastModifiedTime":1747121931000}}]},{"hashValue":"8988a36594be7eecc533bc35f623672b","name":"entryability","path":"C:\\duan\\home\\xx\\YOLO-main\\entry\\src\\main\\ets\\entryability","type":"directory","isSymbolicLink":false,"children":[{"hashValue":"734baf910451e52d4c9a2db4d840d70b","name":"EntryAbility.ets","path":"C:\\duan\\home\\xx\\YOLO-main\\entry\\src\\main\\ets\\entryability\\EntryAbility.ets","type":"file","isSymbolicLink":false,"fileMetaData":{"size":1377,"lastModifiedTime":1747121931000}}]},{"hashValue":"0907ae9d6032adaaf02036b60261f8b8","name":"entrybackupability","path":"C:\\duan\\home\\xx\\YOLO-main\\entry\\src\\main\\ets\\entrybackupability","type":"directory","isSymbolicLink":false,"children":[{"hashValue":"c5cb56c830f579504b21524c57881e79","name":"EntryBackupAbility.ets","path":"C:\\duan\\home\\xx\\YOLO-main\\entry\\src\\main\\ets\\entrybackupability\\EntryBackupAbility.ets","type":"file","isSymbolicLink":false,"fileMetaData":{"size":507,"lastModifiedTime":1747121931000}}]},{"hashValue":"06ff7c17c42a54b772c38c51cb873eee","name":"model","path":"C:\\duan\\home\\xx\\YOLO-main\\entry\\src\\main\\ets\\model","type":"directory","isSymbolicLink":false,"children":[{"hashValue":"54348a8f9b4d905bb1d33cc96ed905bf","name":"MessageTypes.ets","path":"C:\\duan\\home\\xx\\YOLO-main\\entry\\src\\main\\ets\\model\\MessageTypes.ets","type":"file","isSymbolicLink":false,"fileMetaData":{"size":1817,"lastModifiedTime":1747186855500}}]},{"hashValue":"170d551693e55d06a4ca2a9e8f7a1f56","name":"pages","path":"C:\\duan\\home\\xx\\YOLO-main\\entry\\src\\main\\ets\\pages","type":"directory","isSymbolicLink":false,"children":[{"hashValue":"79290d6d9e77afcf99087ed29fe22e2c","name":"Index.ets","path":"C:\\duan\\home\\xx\\YOLO-main\\entry\\src\\main\\ets\\pages\\Index.ets","type":"file","isSymbolicLink":false,"fileMetaData":{"size":13111,"lastModifiedTime":1747306568683}},{"hashValue":"b706b1c20c780c79229b5b24b30aa083","name":"RealTimeAnalysisTestPage.ets","path":"C:\\duan\\home\\xx\\YOLO-main\\entry\\src\\main\\ets\\pages\\RealTimeAnalysisTestPage.ets","type":"file","isSymbolicLink":false,"fileMetaData":{"size":13396,"lastModifiedTime":1747308645597}},{"hashValue":"ed91c801bd4cd89965d7de322cf6aa57","name":"VideoAnalysisPage.ets","path":"C:\\duan\\home\\xx\\YOLO-main\\entry\\src\\main\\ets\\pages\\VideoAnalysisPage.ets","type":"file","isSymbolicLink":false,"fileMetaData":{"size":46177,"lastModifiedTime":1747300149113}}]},{"hashValue":"a1b4335f233ebc052b4a04afde7e3c5d","name":"services","path":"C:\\duan\\home\\xx\\YOLO-main\\entry\\src\\main\\ets\\services","type":"directory","isSymbolicLink":false,"children":[{"hashValue":"ece31689951b5d03ed6bc317a4b76bf3","name":"ImageService.ets","path":"C:\\duan\\home\\xx\\YOLO-main\\entry\\src\\main\\ets\\services\\ImageService.ets","type":"file","isSymbolicLink":false,"fileMetaData":{"size":7936,"lastModifiedTime":1747121931000}},{"hashValue":"fa61b778ee76f58fa3374d77e45fb2db","name":"NetworkService.ets","path":"C:\\duan\\home\\xx\\YOLO-main\\entry\\src\\main\\ets\\services\\NetworkService.ets","type":"file","isSymbolicLink":false,"fileMetaData":{"size":2743,"lastModifiedTime":1747121931000}},{"hashValue":"842aaf5a40373937a18a57e65a4d3e2d","name":"RealTimeAnalysisService.ets","path":"C:\\duan\\home\\xx\\YOLO-main\\entry\\src\\main\\ets\\services\\RealTimeAnalysisService.ets","type":"file","isSymbolicLink":false,"fileMetaData":{"size":22221,"lastModifiedTime":1747308605508}},{"hashValue":"38e76195b1be023eda36b503b0170d0e","name":"VideoService.ets","path":"C:\\duan\\home\\xx\\YOLO-main\\entry\\src\\main\\ets\\services\\VideoService.ets","type":"file","isSymbolicLink":false,"fileMetaData":{"size":16905,"lastModifiedTime":1747272554720}},{"hashValue":"d5f9d6b571e7a3c74335a17a28201c00","name":"WebSocketService.ets","path":"C:\\duan\\home\\xx\\YOLO-main\\entry\\src\\main\\ets\\services\\WebSocketService.ets","type":"file","isSymbolicLink":false,"fileMetaData":{"size":18239,"lastModifiedTime":1747191468157}}]}]},"C:\\duan\\home\\xx\\YOLO-main\\entry\\build\\default\\intermediates\\hap_metadata\\default\\output_metadata.json":{"hashValue":"1edbf2e599343c07969c846e5eeda2eb","name":"output_metadata.json","path":"C:\\duan\\home\\xx\\YOLO-main\\entry\\build\\default\\intermediates\\hap_metadata\\default\\output_metadata.json","type":"file","isSymbolicLink":false,"fileMetaData":{"size":100,"lastModifiedTime":1747308891786}},"C:\\duan\\home\\xx\\YOLO-main\\entry\\build\\default\\intermediates\\merge_profile\\default\\module.json":{"hashValue":"c47504cb4e1a225df10cd112fcc0c230","name":"module.json","path":"C:\\duan\\home\\xx\\YOLO-main\\entry\\build\\default\\intermediates\\merge_profile\\default\\module.json","type":"file","isSymbolicLink":false,"fileMetaData":{"size":2199,"lastModifiedTime":1747308891816}},"C:\\duan\\home\\xx\\YOLO-main\\entry\\build\\default\\generated\\profile\\default\\BuildProfile.ets":{"hashValue":"677323eb5a1bfa98daf198173c413906","name":"BuildProfile.ets","path":"C:\\duan\\home\\xx\\YOLO-main\\entry\\build\\default\\generated\\profile\\default\\BuildProfile.ets","type":"file","isSymbolicLink":false,"fileMetaData":{"size":860,"lastModifiedTime":1747308891833}},"C:\\duan\\home\\xx\\YOLO-main\\entry\\build\\default\\intermediates\\loader\\default\\pkgContextInfo.json":{"hashValue":"a7d8dc548e7f493a11330900ccf573cd","name":"pkgContextInfo.json","path":"C:\\duan\\home\\xx\\YOLO-main\\entry\\build\\default\\intermediates\\loader\\default\\pkgContextInfo.json","type":"file","isSymbolicLink":false,"fileMetaData":{"size":444,"lastModifiedTime":1747308891871}},"C:\\duan\\home\\xx\\YOLO-main\\entry\\src\\main\\resources\\base\\profile\\backup_config.json":{"hashValue":"79df4f7198733f125d66c665f0433b62","name":"backup_config.json","path":"C:\\duan\\home\\xx\\YOLO-main\\entry\\src\\main\\resources\\base\\profile\\backup_config.json","type":"file","isSymbolicLink":false,"fileMetaData":{"size":34,"lastModifiedTime":1747121931000}},"C:\\duan\\home\\xx\\YOLO-main\\entry\\build\\default\\outputs\\default\\pack.info":{"hashValue":"3b365eb9d9e5a84b577c4143034757eb","name":"pack.info","path":"C:\\duan\\home\\xx\\YOLO-main\\entry\\build\\default\\outputs\\default\\pack.info","type":"file","isSymbolicLink":false,"fileMetaData":{"size":632,"lastModifiedTime":1747308891917}},"C:\\HarmonyOs\\DevEco Studio\\sdk\\default\\openharmony\\toolchains\\syscap_tool.exe":{"hashValue":"ec86f248b3fe48182be9c83aee381cbb","name":"syscap_tool.exe","path":"C:\\HarmonyOs\\DevEco Studio\\sdk\\default\\openharmony\\toolchains\\syscap_tool.exe","type":"file","isSymbolicLink":false,"fileMetaData":{"size":362408,"lastModifiedTime":1745584270000}},"C:\\HarmonyOs\\DevEco Studio\\sdk\\default\\openharmony\\ets\\api\\device-define":{"hashValue":"f88e9d2a60000f6a2118ac6a088c4993","name":"device-define","path":"C:\\HarmonyOs\\DevEco Studio\\sdk\\default\\openharmony\\ets\\api\\device-define","type":"directory","isSymbolicLink":false,"children":[{"hashValue":"6ed78d2318809b506eec2fcd73765f4b","name":"default.json","path":"C:\\HarmonyOs\\DevEco Studio\\sdk\\default\\openharmony\\ets\\api\\device-define\\default.json","type":"file","isSymbolicLink":false,"fileMetaData":{"size":12477,"lastModifiedTime":1745584270000}},{"hashValue":"a2cca2bc3583d02d9b80e44a2e0a7bfa","name":"liteWearable.json","path":"C:\\HarmonyOs\\DevEco Studio\\sdk\\default\\openharmony\\ets\\api\\device-define\\liteWearable.json","type":"file","isSymbolicLink":false,"fileMetaData":{"size":883,"lastModifiedTime":1745584270000}},{"hashValue":"9af03200a21b0b6b4ca99b0fa6f4680d","name":"tablet.json","path":"C:\\HarmonyOs\\DevEco Studio\\sdk\\default\\openharmony\\ets\\api\\device-define\\tablet.json","type":"file","isSymbolicLink":false,"fileMetaData":{"size":11990,"lastModifiedTime":1745584270000}},{"hashValue":"6cafe3321b272c0fd117bf1c0ef06f74","name":"wearable.json","path":"C:\\HarmonyOs\\DevEco Studio\\sdk\\default\\openharmony\\ets\\api\\device-define\\wearable.json","type":"file","isSymbolicLink":false,"fileMetaData":{"size":12132,"lastModifiedTime":1745584270000}}]},"C:\\duan\\home\\xx\\YOLO-main\\entry\\build\\default\\intermediates\\process_profile\\default\\module.json":{"hashValue":"91570a65cb79022bba0935a4b45a7006","name":"module.json","path":"C:\\duan\\home\\xx\\YOLO-main\\entry\\build\\default\\intermediates\\process_profile\\default\\module.json","type":"file","isSymbolicLink":false,"fileMetaData":{"size":2285,"lastModifiedTime":1747308892540}},"C:\\duan\\home\\xx\\YOLO-main\\entry\\build\\default\\intermediates\\router_map\\default\\temp-router-map.json":{"hashValue":"9ef7fff9a268efbfef1dea692e5554d0","name":"temp-router-map.json","path":"C:\\duan\\home\\xx\\YOLO-main\\entry\\build\\default\\intermediates\\router_map\\default\\temp-router-map.json","type":"file","isSymbolicLink":false,"fileMetaData":{"size":16,"lastModifiedTime":1747308892571}},"C:\\duan\\home\\xx\\YOLO-main\\entry\\build\\default\\intermediates\\router_map\\default\\loader-router-map.json":{"hashValue":"04e7c4ca15ff9c73add0b225c89fde66","name":"loader-router-map.json","path":"C:\\duan\\home\\xx\\YOLO-main\\entry\\build\\default\\intermediates\\router_map\\default\\loader-router-map.json","type":"file","isSymbolicLink":false,"fileMetaData":{"size":16,"lastModifiedTime":1747308892572}},"C:\\duan\\home\\xx\\YOLO-main\\entry\\build\\default\\intermediates\\res\\default\\resConfig.json":{"hashValue":"7c6dd896d9d4851a43c59e5d83420378","name":"resConfig.json","path":"C:\\duan\\home\\xx\\YOLO-main\\entry\\build\\default\\intermediates\\res\\default\\resConfig.json","type":"file","isSymbolicLink":false,"fileMetaData":{"size":1014,"lastModifiedTime":1747190482180}},"C:\\duan\\home\\xx\\YOLO-main\\entry\\build\\default\\intermediates\\res\\default\\opt-compression.json":{"hashValue":"2434feda6bfa993fa6e7a82a928a664e","name":"opt-compression.json","path":"C:\\duan\\home\\xx\\YOLO-main\\entry\\build\\default\\intermediates\\res\\default\\opt-compression.json","type":"file","isSymbolicLink":false,"fileMetaData":{"size":183,"lastModifiedTime":1747190482178}},"C:\\duan\\home\\xx\\YOLO-main\\entry\\build\\default\\intermediates\\loader\\default\\loader.json":{"hashValue":"0a8b330aff68482dd746cce66660fe1e","name":"loader.json","path":"C:\\duan\\home\\xx\\YOLO-main\\entry\\build\\default\\intermediates\\loader\\default\\loader.json","type":"file","isSymbolicLink":false,"fileMetaData":{"size":901,"lastModifiedTime":1747308892718}},"C:\\duan\\home\\xx\\YOLO-main\\entry\\build\\default\\intermediates\\libs\\default":{"hashValue":"","name":"default","path":"C:\\duan\\home\\xx\\YOLO-main\\entry\\build\\default\\intermediates\\libs\\default","type":"directory","isSymbolicLink":false,"children":[]},"C:\\duan\\home\\xx\\YOLO-main\\AppScope\\resources":{"hashValue":"70bd926f99730177eff3808fc170f85a","name":"resources","path":"C:\\duan\\home\\xx\\YOLO-main\\AppScope\\resources","type":"directory","isSymbolicLink":false,"children":[{"hashValue":"efe5418223c9798eff014f594a0674b8","name":"base","path":"C:\\duan\\home\\xx\\YOLO-main\\AppScope\\resources\\base","type":"directory","isSymbolicLink":false,"children":[{"hashValue":"c642aeed9ca6812084ddd25913ea7c14","name":"element","path":"C:\\duan\\home\\xx\\YOLO-main\\AppScope\\resources\\base\\element","type":"directory","isSymbolicLink":false,"children":[{"hashValue":"409783054bb8de24d7f0f0a6a4487614","name":"string.json","path":"C:\\duan\\home\\xx\\YOLO-main\\AppScope\\resources\\base\\element\\string.json","type":"file","isSymbolicLink":false,"fileMetaData":{"size":83,"lastModifiedTime":1747121931000}}]},{"hashValue":"88b7e2412cfe84deb7350e9134d9e6aa","name":"media","path":"C:\\duan\\home\\xx\\YOLO-main\\AppScope\\resources\\base\\media","type":"directory","isSymbolicLink":false,"children":[{"hashValue":"c7bd9678fb8e694a18c97240aeda4038","name":"background.png","path":"C:\\duan\\home\\xx\\YOLO-main\\AppScope\\resources\\base\\media\\background.png","type":"file","isSymbolicLink":false,"fileMetaData":{"size":91942,"lastModifiedTime":1747121931000}},{"hashValue":"00f8758aca72e379761f45bf93f2da76","name":"foreground.png","path":"C:\\duan\\home\\xx\\YOLO-main\\AppScope\\resources\\base\\media\\foreground.png","type":"file","isSymbolicLink":false,"fileMetaData":{"size":8805,"lastModifiedTime":1747121931000}},{"hashValue":"8a1045b1aac001102c1c9b318e670808","name":"layered_image.json","path":"C:\\duan\\home\\xx\\YOLO-main\\AppScope\\resources\\base\\media\\layered_image.json","type":"file","isSymbolicLink":false,"fileMetaData":{"size":109,"lastModifiedTime":1747121931000}}]}]}]},"C:\\duan\\home\\xx\\YOLO-main\\entry\\build\\default\\intermediates\\res\\default":{"hashValue":"cab11690d2cb27c53e58487ec9057d82","name":"default","path":"C:\\duan\\home\\xx\\YOLO-main\\entry\\build\\default\\intermediates\\res\\default","type":"directory","isSymbolicLink":false,"children":[{"hashValue":"3f8b0eb2bd47998bfe774615f34501d8","name":".caches","path":"C:\\duan\\home\\xx\\YOLO-main\\entry\\build\\default\\intermediates\\res\\default\\.caches","type":"directory","isSymbolicLink":false,"children":[{"hashValue":"18d538943342eca5c2046187f686a64c","name":"base","path":"C:\\duan\\home\\xx\\YOLO-main\\entry\\build\\default\\intermediates\\res\\default\\.caches\\base","type":"directory","isSymbolicLink":false,"children":[{"hashValue":"67815d19356879235cf3f2f3b1ba0c6a","name":"media","path":"C:\\duan\\home\\xx\\YOLO-main\\entry\\build\\default\\intermediates\\res\\default\\.caches\\base\\media","type":"directory","isSymbolicLink":false,"children":[{"hashValue":"9744ab5183729050e7614a9cce64da16","name":"background.png","path":"C:\\duan\\home\\xx\\YOLO-main\\entry\\build\\default\\intermediates\\res\\default\\.caches\\base\\media\\background.png","type":"file","isSymbolicLink":false,"fileMetaData":{"size":70283,"lastModifiedTime":1747308893535}},{"hashValue":"9452ec30ce61131f5211b62f8671150f","name":"foreground.png","path":"C:\\duan\\home\\xx\\YOLO-main\\entry\\build\\default\\intermediates\\res\\default\\.caches\\base\\media\\foreground.png","type":"file","isSymbolicLink":false,"fileMetaData":{"size":9325,"lastModifiedTime":1747308893577}}]}]}]},{"hashValue":"845680c8ba1f5a16188625061702693b","name":"ark_module.json","path":"C:\\duan\\home\\xx\\YOLO-main\\entry\\build\\default\\intermediates\\res\\default\\ark_module.json","type":"file","isSymbolicLink":false,"fileMetaData":{"size":1759,"lastModifiedTime":1747308892537}},{"hashValue":"a0e917b1f5a5c49674bdcd3787a88b3f","name":"ids_map","path":"C:\\duan\\home\\xx\\YOLO-main\\entry\\build\\default\\intermediates\\res\\default\\ids_map","type":"directory","isSymbolicLink":false,"children":[{"hashValue":"29a094b341f5e7184d3bd95d9cc466f4","name":"id_defined.json","path":"C:\\duan\\home\\xx\\YOLO-main\\entry\\build\\default\\intermediates\\res\\default\\ids_map\\id_defined.json","type":"file","isSymbolicLink":false,"fileMetaData":{"size":1543,"lastModifiedTime":1747308893585}}]},{"hashValue":"25849b86b52e338200e6e77ba88f3401","name":"module.json","path":"C:\\duan\\home\\xx\\YOLO-main\\entry\\build\\default\\intermediates\\res\\default\\module.json","type":"file","isSymbolicLink":false,"fileMetaData":{"size":2491,"lastModifiedTime":1747308893477}},{"hashValue":"2434feda6bfa993fa6e7a82a928a664e","name":"opt-compression.json","path":"C:\\duan\\home\\xx\\YOLO-main\\entry\\build\\default\\intermediates\\res\\default\\opt-compression.json","type":"file","isSymbolicLink":false,"fileMetaData":{"size":183,"lastModifiedTime":1747190482178}},{"hashValue":"7c6dd896d9d4851a43c59e5d83420378","name":"resConfig.json","path":"C:\\duan\\home\\xx\\YOLO-main\\entry\\build\\default\\intermediates\\res\\default\\resConfig.json","type":"file","isSymbolicLink":false,"fileMetaData":{"size":1014,"lastModifiedTime":1747190482180}},{"hashValue":"9a85b682207953b3f45493675fd121de","name":"resources","path":"C:\\duan\\home\\xx\\YOLO-main\\entry\\build\\default\\intermediates\\res\\default\\resources","type":"directory","isSymbolicLink":false,"children":[{"hashValue":"01d38443cf5c7b911d7228525eb6548e","name":"base","path":"C:\\duan\\home\\xx\\YOLO-main\\entry\\build\\default\\intermediates\\res\\default\\resources\\base","type":"directory","isSymbolicLink":false,"children":[{"hashValue":"81fb73c725ed47dca0ba8a9d678800e0","name":"media","path":"C:\\duan\\home\\xx\\YOLO-main\\entry\\build\\default\\intermediates\\res\\default\\resources\\base\\media","type":"directory","isSymbolicLink":false,"children":[{"hashValue":"9744ab5183729050e7614a9cce64da16","name":"background.png","path":"C:\\duan\\home\\xx\\YOLO-main\\entry\\build\\default\\intermediates\\res\\default\\resources\\base\\media\\background.png","type":"file","isSymbolicLink":false,"fileMetaData":{"size":70283,"lastModifiedTime":1747308893535}},{"hashValue":"9452ec30ce61131f5211b62f8671150f","name":"foreground.png","path":"C:\\duan\\home\\xx\\YOLO-main\\entry\\build\\default\\intermediates\\res\\default\\resources\\base\\media\\foreground.png","type":"file","isSymbolicLink":false,"fileMetaData":{"size":9325,"lastModifiedTime":1747308893577}},{"hashValue":"9281a75e41d2c732aa967ca3fc5a433b","name":"layered_image.json","path":"C:\\duan\\home\\xx\\YOLO-main\\entry\\build\\default\\intermediates\\res\\default\\resources\\base\\media\\layered_image.json","type":"file","isSymbolicLink":false,"fileMetaData":{"size":95,"lastModifiedTime":1747308893472}},{"hashValue":"bbc02ca297a942cacbc2179a72517d0b","name":"startIcon.png","path":"C:\\duan\\home\\xx\\YOLO-main\\entry\\build\\default\\intermediates\\res\\default\\resources\\base\\media\\startIcon.png","type":"file","isSymbolicLink":false,"fileMetaData":{"size":20093,"lastModifiedTime":1747121931000}}]},{"hashValue":"fd92b20aca8eaf0beed0292044326533","name":"profile","path":"C:\\duan\\home\\xx\\YOLO-main\\entry\\build\\default\\intermediates\\res\\default\\resources\\base\\profile","type":"directory","isSymbolicLink":false,"children":[{"hashValue":"79df4f7198733f125d66c665f0433b62","name":"backup_config.json","path":"C:\\duan\\home\\xx\\YOLO-main\\entry\\build\\default\\intermediates\\res\\default\\resources\\base\\profile\\backup_config.json","type":"file","isSymbolicLink":false,"fileMetaData":{"size":34,"lastModifiedTime":1747121931000}},{"hashValue":"2ab77a25ed86c69eef367c2bbd7e991f","name":"main_pages.json","path":"C:\\duan\\home\\xx\\YOLO-main\\entry\\build\\default\\intermediates\\res\\default\\resources\\base\\profile\\main_pages.json","type":"file","isSymbolicLink":false,"fileMetaData":{"size":106,"lastModifiedTime":1747306537940}}]}]}]},{"hashValue":"5d3f518987f12d5510fb36dcf1464ff9","name":"resources.index","path":"C:\\duan\\home\\xx\\YOLO-main\\entry\\build\\default\\intermediates\\res\\default\\resources.index","type":"file","isSymbolicLink":false,"fileMetaData":{"size":1526,"lastModifiedTime":1747308893583}},{"hashValue":"7958ba641d8f75a2ef1986837fdb946d","name":"ResourceTable.txt","path":"C:\\duan\\home\\xx\\YOLO-main\\entry\\build\\default\\intermediates\\res\\default\\ResourceTable.txt","type":"file","isSymbolicLink":false,"fileMetaData":{"size":653,"lastModifiedTime":1747308893475}}]},"C:\\duan\\home\\xx\\YOLO-main\\entry\\build\\default\\generated\\r\\default\\ResourceTable.h":{"hashValue":"885ca1938a8b058bf1d5511a9e559909","name":"ResourceTable.h","path":"C:\\duan\\home\\xx\\YOLO-main\\entry\\build\\default\\generated\\r\\default\\ResourceTable.h","type":"file","isSymbolicLink":false,"fileMetaData":{"size":1682,"lastModifiedTime":1747308893474}},"C:\\duan\\home\\xx\\YOLO-main\\entry\\build\\default\\generated\\r\\default":{"hashValue":"a53738e7db4aa382a818aa1f0922ad75","name":"default","path":"C:\\duan\\home\\xx\\YOLO-main\\entry\\build\\default\\generated\\r\\default","type":"directory","isSymbolicLink":false,"children":[{"hashValue":"885ca1938a8b058bf1d5511a9e559909","name":"ResourceTable.h","path":"C:\\duan\\home\\xx\\YOLO-main\\entry\\build\\default\\generated\\r\\default\\ResourceTable.h","type":"file","isSymbolicLink":false,"fileMetaData":{"size":1682,"lastModifiedTime":1747308893474}}]},"C:\\duan\\home\\xx\\YOLO-main\\entry\\build\\default\\intermediates\\loader\\default":{"hashValue":"7bbed7decd0451f8dc30a6cbe57aae3e","name":"default","path":"C:\\duan\\home\\xx\\YOLO-main\\entry\\build\\default\\intermediates\\loader\\default","type":"directory","isSymbolicLink":false,"children":[{"hashValue":"0a8b330aff68482dd746cce66660fe1e","name":"loader.json","path":"C:\\duan\\home\\xx\\YOLO-main\\entry\\build\\default\\intermediates\\loader\\default\\loader.json","type":"file","isSymbolicLink":false,"fileMetaData":{"size":901,"lastModifiedTime":1747308892718}},{"hashValue":"a7d8dc548e7f493a11330900ccf573cd","name":"pkgContextInfo.json","path":"C:\\duan\\home\\xx\\YOLO-main\\entry\\build\\default\\intermediates\\loader\\default\\pkgContextInfo.json","type":"file","isSymbolicLink":false,"fileMetaData":{"size":444,"lastModifiedTime":1747308891871}}]},"C:\\duan\\home\\xx\\YOLO-main\\entry\\build\\default\\intermediates\\res\\default\\ResourceTable.txt":{"hashValue":"7958ba641d8f75a2ef1986837fdb946d","name":"ResourceTable.txt","path":"C:\\duan\\home\\xx\\YOLO-main\\entry\\build\\default\\intermediates\\res\\default\\ResourceTable.txt","type":"file","isSymbolicLink":false,"fileMetaData":{"size":653,"lastModifiedTime":1747308893475}},"C:\\duan\\home\\xx\\YOLO-main\\entry\\build\\default\\intermediates\\res\\default\\ark_module.json":{"hashValue":"845680c8ba1f5a16188625061702693b","name":"ark_module.json","path":"C:\\duan\\home\\xx\\YOLO-main\\entry\\build\\default\\intermediates\\res\\default\\ark_module.json","type":"file","isSymbolicLink":false,"fileMetaData":{"size":1759,"lastModifiedTime":1747308892537}},"C:\\duan\\home\\xx\\YOLO-main\\entry\\build\\default\\intermediates\\res\\default\\resources\\base\\profile":{"hashValue":"fd92b20aca8eaf0beed0292044326533","name":"profile","path":"C:\\duan\\home\\xx\\YOLO-main\\entry\\build\\default\\intermediates\\res\\default\\resources\\base\\profile","type":"directory","isSymbolicLink":false,"children":[{"hashValue":"79df4f7198733f125d66c665f0433b62","name":"backup_config.json","path":"C:\\duan\\home\\xx\\YOLO-main\\entry\\build\\default\\intermediates\\res\\default\\resources\\base\\profile\\backup_config.json","type":"file","isSymbolicLink":false,"fileMetaData":{"size":34,"lastModifiedTime":1747121931000}},{"hashValue":"2ab77a25ed86c69eef367c2bbd7e991f","name":"main_pages.json","path":"C:\\duan\\home\\xx\\YOLO-main\\entry\\build\\default\\intermediates\\res\\default\\resources\\base\\profile\\main_pages.json","type":"file","isSymbolicLink":false,"fileMetaData":{"size":106,"lastModifiedTime":1747306537940}}]},"C:\\duan\\home\\xx\\YOLO-main\\entry\\build\\default\\intermediates\\loader_out\\default\\ets":{"hashValue":"4b011bee794954be672707ba72213653","name":"ets","path":"C:\\duan\\home\\xx\\YOLO-main\\entry\\build\\default\\intermediates\\loader_out\\default\\ets","type":"directory","isSymbolicLink":false,"children":[{"hashValue":"89733c4294123041cd23fbf702c5778c","name":"modules.abc","path":"C:\\duan\\home\\xx\\YOLO-main\\entry\\build\\default\\intermediates\\loader_out\\default\\ets\\modules.abc","type":"file","isSymbolicLink":false,"fileMetaData":{"size":294848,"lastModifiedTime":1747308911711}},{"hashValue":"c29f727d08d4f97823d344340859c9fc","name":"sourceMaps.map","path":"C:\\duan\\home\\xx\\YOLO-main\\entry\\build\\default\\intermediates\\loader_out\\default\\ets\\sourceMaps.map","type":"file","isSymbolicLink":false,"fileMetaData":{"size":133267,"lastModifiedTime":1747308911392}}]},"C:\\duan\\home\\xx\\YOLO-main\\entry\\build\\default\\intermediates\\stripped_native_libs\\default":{"hashValue":"","name":"default","path":"C:\\duan\\home\\xx\\YOLO-main\\entry\\build\\default\\intermediates\\stripped_native_libs\\default","type":"directory","isSymbolicLink":false,"children":[]},"C:\\duan\\home\\xx\\YOLO-main\\entry\\build\\default\\intermediates\\patch\\default\\base_native_libs.json":{"hashValue":"176e47ca9c5f3a7a02c4126a3377214b","name":"base_native_libs.json","path":"C:\\duan\\home\\xx\\YOLO-main\\entry\\build\\default\\intermediates\\patch\\default\\base_native_libs.json","type":"file","isSymbolicLink":false,"fileMetaData":{"size":25,"lastModifiedTime":1747190494823}},"C:\\duan\\home\\xx\\YOLO-main\\entry\\build\\default\\intermediates\\res\\default\\module.json":{"hashValue":"25849b86b52e338200e6e77ba88f3401","name":"module.json","path":"C:\\duan\\home\\xx\\YOLO-main\\entry\\build\\default\\intermediates\\res\\default\\module.json","type":"file","isSymbolicLink":false,"fileMetaData":{"size":2491,"lastModifiedTime":1747308893477}},"C:\\duan\\home\\xx\\YOLO-main\\entry\\build\\default\\intermediates\\package\\default\\module.json":{"hashValue":"25849b86b52e338200e6e77ba88f3401","name":"module.json","path":"C:\\duan\\home\\xx\\YOLO-main\\entry\\build\\default\\intermediates\\package\\default\\module.json","type":"file","isSymbolicLink":false,"fileMetaData":{"size":2491,"lastModifiedTime":1747308893477}},"C:\\duan\\home\\xx\\YOLO-main\\entry\\build\\default\\intermediates\\res\\default\\resources":{"hashValue":"9a85b682207953b3f45493675fd121de","name":"resources","path":"C:\\duan\\home\\xx\\YOLO-main\\entry\\build\\default\\intermediates\\res\\default\\resources","type":"directory","isSymbolicLink":false,"children":[{"hashValue":"01d38443cf5c7b911d7228525eb6548e","name":"base","path":"C:\\duan\\home\\xx\\YOLO-main\\entry\\build\\default\\intermediates\\res\\default\\resources\\base","type":"directory","isSymbolicLink":false,"children":[{"hashValue":"81fb73c725ed47dca0ba8a9d678800e0","name":"media","path":"C:\\duan\\home\\xx\\YOLO-main\\entry\\build\\default\\intermediates\\res\\default\\resources\\base\\media","type":"directory","isSymbolicLink":false,"children":[{"hashValue":"9744ab5183729050e7614a9cce64da16","name":"background.png","path":"C:\\duan\\home\\xx\\YOLO-main\\entry\\build\\default\\intermediates\\res\\default\\resources\\base\\media\\background.png","type":"file","isSymbolicLink":false,"fileMetaData":{"size":70283,"lastModifiedTime":1747308893535}},{"hashValue":"9452ec30ce61131f5211b62f8671150f","name":"foreground.png","path":"C:\\duan\\home\\xx\\YOLO-main\\entry\\build\\default\\intermediates\\res\\default\\resources\\base\\media\\foreground.png","type":"file","isSymbolicLink":false,"fileMetaData":{"size":9325,"lastModifiedTime":1747308893577}},{"hashValue":"9281a75e41d2c732aa967ca3fc5a433b","name":"layered_image.json","path":"C:\\duan\\home\\xx\\YOLO-main\\entry\\build\\default\\intermediates\\res\\default\\resources\\base\\media\\layered_image.json","type":"file","isSymbolicLink":false,"fileMetaData":{"size":95,"lastModifiedTime":1747308893472}},{"hashValue":"bbc02ca297a942cacbc2179a72517d0b","name":"startIcon.png","path":"C:\\duan\\home\\xx\\YOLO-main\\entry\\build\\default\\intermediates\\res\\default\\resources\\base\\media\\startIcon.png","type":"file","isSymbolicLink":false,"fileMetaData":{"size":20093,"lastModifiedTime":1747121931000}}]},{"hashValue":"fd92b20aca8eaf0beed0292044326533","name":"profile","path":"C:\\duan\\home\\xx\\YOLO-main\\entry\\build\\default\\intermediates\\res\\default\\resources\\base\\profile","type":"directory","isSymbolicLink":false,"children":[{"hashValue":"79df4f7198733f125d66c665f0433b62","name":"backup_config.json","path":"C:\\duan\\home\\xx\\YOLO-main\\entry\\build\\default\\intermediates\\res\\default\\resources\\base\\profile\\backup_config.json","type":"file","isSymbolicLink":false,"fileMetaData":{"size":34,"lastModifiedTime":1747121931000}},{"hashValue":"2ab77a25ed86c69eef367c2bbd7e991f","name":"main_pages.json","path":"C:\\duan\\home\\xx\\YOLO-main\\entry\\build\\default\\intermediates\\res\\default\\resources\\base\\profile\\main_pages.json","type":"file","isSymbolicLink":false,"fileMetaData":{"size":106,"lastModifiedTime":1747306537940}}]}]}]},"C:\\duan\\home\\xx\\YOLO-main\\entry\\build\\default\\intermediates\\res\\default\\resources.index":{"hashValue":"5d3f518987f12d5510fb36dcf1464ff9","name":"resources.index","path":"C:\\duan\\home\\xx\\YOLO-main\\entry\\build\\default\\intermediates\\res\\default\\resources.index","type":"file","isSymbolicLink":false,"fileMetaData":{"size":1526,"lastModifiedTime":1747308893583}},"C:\\duan\\home\\xx\\YOLO-main\\entry\\build\\default\\intermediates\\loader_out\\default\\ets\\sourceMaps.map":{"hashValue":"c29f727d08d4f97823d344340859c9fc","name":"sourceMaps.map","path":"C:\\duan\\home\\xx\\YOLO-main\\entry\\build\\default\\intermediates\\loader_out\\default\\ets\\sourceMaps.map","type":"file","isSymbolicLink":false,"fileMetaData":{"size":133267,"lastModifiedTime":1747308911392}},"C:\\duan\\home\\xx\\YOLO-main\\entry\\build\\default\\outputs\\default\\entry-default-unsigned.hap":{"hashValue":"e528450a24d249fe5d8144d93bc34f64","name":"entry-default-unsigned.hap","path":"C:\\duan\\home\\xx\\YOLO-main\\entry\\build\\default\\outputs\\default\\entry-default-unsigned.hap","type":"file","isSymbolicLink":false,"fileMetaData":{"size":534191,"lastModifiedTime":1747308913455}},"C:\\duan\\home\\xx\\YOLO-main\\entry\\build\\default\\intermediates\\source_map\\default\\sourceMaps.map":{"hashValue":"c29f727d08d4f97823d344340859c9fc","name":"sourceMaps.map","path":"C:\\duan\\home\\xx\\YOLO-main\\entry\\build\\default\\intermediates\\source_map\\default\\sourceMaps.map","type":"file","isSymbolicLink":false,"fileMetaData":{"size":133267,"lastModifiedTime":1747308911392}},"C:\\duan\\home\\xx\\YOLO-main\\entry\\build\\default\\outputs\\default\\mapping\\sourceMaps.map":{"hashValue":"c29f727d08d4f97823d344340859c9fc","name":"sourceMaps.map","path":"C:\\duan\\home\\xx\\YOLO-main\\entry\\build\\default\\outputs\\default\\mapping\\sourceMaps.map","type":"file","isSymbolicLink":false,"fileMetaData":{"size":133267,"lastModifiedTime":1747308911392}},"C:\\duan\\home\\xx\\YOLO-main\\entry\\.preview\\default\\generated\\profile\\default\\ModuleInfo.ts":{"hashValue":"","name":"emptyroot","path":"","type":"unknown","isSymbolicLink":false,"children":[]},"C:\\duan\\home\\xx\\YOLO-main\\entry\\.preview\\default\\intermediates\\loader_out\\default\\ets":{"hashValue":"","name":"emptyroot","path":"","type":"unknown","isSymbolicLink":false,"children":[]}}