{":YOLO-main:entry:default@PreBuild":{"_inputs":[{"dataType":"ValueEntry","value":"{\"_name\":\"BUILTIN_TASK_COMMAND\",\"_value\":\"\",\"_valueType\":\"string\",\"_hash\":\"0b5d05294fdf4e78e8482ef53eb64ac0\"}"},{"dataType":"ValueEntry","value":"{\"_name\":\"BUILTIN_TASK_ENV\",\"_value\":\"\",\"_valueType\":\"string\",\"_hash\":\"cdcdc2ec8062ca9ec1de46dbf2bbc053\"}"},{"dataType":"ValueEntry","value":"{\"_name\":\"BUILTIN_TASK_TOOLCHAIN\",\"_value\":\"\",\"_valueType\":\"string\",\"_hash\":\"e7f94a9422a8bc317a7d90b58efcb5f6\"}"},{"dataType":"ValueEntry","value":"{\"_name\":\"apiType\",\"_value\":\"stageMode\",\"_valueType\":\"string\",\"_hash\":\"699c7565645ea3ea8c88551a4926a3d5\"}"},{"dataType":"ValueEntry","value":"{\"_name\":\"byteCodeHar\",\"_value\":false,\"_valueType\":\"boolean\",\"_hash\":\"1918a3ccb645ccacd0aedd84fc6cf8a4\"}"},{"dataType":"ValueEntry","value":"{\"_name\":\"codeType\",\"_value\":true,\"_valueType\":\"boolean\",\"_hash\":\"d6dcf21a9f078b661283507536e57ce8\"}"},{"dataType":"ValueEntry","value":"{\"_name\":\"compatibleApiVersion\",\"_value\":17,\"_valueType\":\"number\",\"_hash\":\"7ebeb63c8f8703f7a7166363b4ae2928\"}"},{"dataType":"ValueEntry","value":"{\"_name\":\"compileApiVersion\",\"_value\":17,\"_valueType\":\"number\",\"_hash\":\"7ed709b82b73f46ab4cfd211b8cb709b\"}"},{"dataType":"ValueEntry","value":"{\"_name\":\"configuration\",\"_value\":\"\",\"_valueType\":\"string\",\"_hash\":\"d12f0038691f8f34d654391bbcee2f8e\"}"},{"dataType":"ValueEntry","value":"{\"_name\":\"configurationFileJson\",\"_value\":\"\",\"_valueType\":\"string\",\"_hash\":\"2b55287f40f7e8896b21bab4028e156b\"}"},{"dataType":"ValueEntry","value":"{\"_name\":\"customTypes\",\"_value\":\"\",\"_valueType\":\"string\",\"_hash\":\"970a2695bffac1c5a4fa283dc36050e3\"}"},{"dataType":"ValueEntry","value":"{\"_name\":\"deviceType\",\"_value\":[\"phone\",\"tablet\",\"2in1\"],\"_valueType\":\"object\",\"_hash\":\"82734343919a9219c848a93ce88dfb4d\"}"},{"dataType":"ValueEntry","value":"{\"_name\":\"integrated_hsp\",\"_value\":false,\"_valueType\":\"boolean\",\"_hash\":\"2538281751f182d9123d2ab28efaf9be\"}"},{"dataType":"ValueEntry","value":"{\"_name\":\"isSupportOhpmProj\",\"_value\":true,\"_valueType\":\"boolean\",\"_hash\":\"f3a249d7e3f751316e931b8a08b074b4\"}"},{"dataType":"ValueEntry","value":"{\"_name\":\"mockConfigSources\",\"_value\":\"\",\"_valueType\":\"string\",\"_hash\":\"c489be8273867a50afbc86c53d938c92\"}"},{"dataType":"ValueEntry","value":"{\"_name\":\"moduleJsonOpt\",\"_value\":\"{\\\"jsonFilePath\\\":\\\"C:\\\\\\\\duan\\\\\\\\home\\\\\\\\xx\\\\\\\\YOLO-main\\\\\\\\entry\\\\\\\\src\\\\\\\\main\\\\\\\\module.json5\\\",\\\"profile\\\":{\\\"module\\\":{\\\"name\\\":\\\"entry\\\",\\\"type\\\":\\\"entry\\\",\\\"description\\\":\\\"$string:module_desc\\\",\\\"mainElement\\\":\\\"EntryAbility\\\",\\\"deviceTypes\\\":[\\\"phone\\\",\\\"tablet\\\",\\\"2in1\\\"],\\\"deliveryWithInstall\\\":true,\\\"installationFree\\\":false,\\\"pages\\\":\\\"$profile:main_pages\\\",\\\"requestPermissions\\\":[{\\\"name\\\":\\\"ohos.permission.INTERNET\\\",\\\"reason\\\":\\\"$string:internet_permission_reason\\\",\\\"usedScene\\\":{\\\"abilities\\\":[\\\"EntryAbility\\\"],\\\"when\\\":\\\"always\\\"}},{\\\"name\\\":\\\"ohos.permission.READ_MEDIA\\\",\\\"reason\\\":\\\"$string:read_media_permission_reason\\\",\\\"usedScene\\\":{\\\"abilities\\\":[\\\"EntryAbility\\\"],\\\"when\\\":\\\"always\\\"}},{\\\"name\\\":\\\"ohos.permission.CAMERA\\\",\\\"reason\\\":\\\"$string:camera_permission_reason\\\",\\\"usedScene\\\":{\\\"abilities\\\":[\\\"EntryAbility\\\"],\\\"when\\\":\\\"always\\\"}}],\\\"abilities\\\":[{\\\"name\\\":\\\"EntryAbility\\\",\\\"srcEntry\\\":\\\"./ets/entryability/EntryAbility.ets\\\",\\\"description\\\":\\\"$string:EntryAbility_desc\\\",\\\"icon\\\":\\\"$media:layered_image\\\",\\\"label\\\":\\\"$string:EntryAbility_label\\\",\\\"startWindowIcon\\\":\\\"$media:startIcon\\\",\\\"startWindowBackground\\\":\\\"$color:start_window_background\\\",\\\"exported\\\":true,\\\"skills\\\":[{\\\"entities\\\":[\\\"entity.system.home\\\"],\\\"actions\\\":[\\\"action.system.home\\\"]}]}],\\\"extensionAbilities\\\":[{\\\"name\\\":\\\"EntryBackupAbility\\\",\\\"srcEntry\\\":\\\"./ets/entrybackupability/EntryBackupAbility.ets\\\",\\\"type\\\":\\\"backup\\\",\\\"exported\\\":false,\\\"metadata\\\":[{\\\"name\\\":\\\"ohos.extension.backup\\\",\\\"resource\\\":\\\"$profile:backup_config\\\"}]}]}},\\\"deviceTypes\\\":[\\\"phone\\\",\\\"tablet\\\",\\\"2in1\\\"],\\\"deviceConfig\\\":\\\"deviceTypes\\\",\\\"configurationProfile\\\":\\\"module.json5\\\"}\",\"_valueType\":\"string\",\"_hash\":\"9820abe8304271769a63e10a5de7d40d\"}"},{"dataType":"ValueEntry","value":"{\"_name\":\"profileModuleName\",\"_value\":\"entry\",\"_valueType\":\"string\",\"_hash\":\"b174ea6ff5824844dde5ad92f6b3ef2b\"}"},{"dataType":"ValueEntry","value":"{\"_name\":\"removePermissions\",\"_valueType\":\"undefined\",\"_hash\":\"0703cfc523a152c6195a8fd1935503e5\"}"},{"dataType":"ValueEntry","value":"{\"_name\":\"sdkToolchainsComponentVersion\",\"_value\":\"5.0.5.160\",\"_valueType\":\"string\",\"_hash\":\"95688f21f2617c120d3f41c937d49787\"}"},{"dataType":"ValueEntry","value":"{\"_name\":\"sourceRoots\",\"_value\":true,\"_valueType\":\"boolean\",\"_hash\":\"a369c115d2c4122f3819759804ec9d35\"}"},{"dataType":"ValueEntry","value":"{\"_name\":\"targetStatusCode\",\"_value\":2,\"_valueType\":\"number\",\"_hash\":\"5a9255c0f4ee50904a9349ebafca8369\"}"},{"dataType":"ValueEntry","value":"{\"_name\":\"transformLib\",\"_value\":\"\",\"_valueType\":\"string\",\"_hash\":\"7d270d0ce7ae5c6e2e32760cb396ea5a\"}"},{"dataType":"ValueEntry","value":"{\"_name\":\"useNormalizedOHMUrl\",\"_value\":true,\"_valueType\":\"boolean\",\"_hash\":\"05eabcf12e6fe230e579e0fd37679db6\"}"}],"_successful":true,"_projectName":"YOLO-main","_moduleName":"entry","_taskName":"default@PreBuild","_key":":YOLO-main:entry:default@PreBuild","_executionId":":YOLO-main:entry:default@PreBuild:1747306808662","_inputFiles":{"dataType":"Map","value":[["C:\\duan\\home\\xx\\YOLO-main\\AppScope\\app.json5",{"isDirectory":false,"fileSnapShotHashValue":"e7fd6d94de34fa89347107346d0defb1"}],["C:\\duan\\home\\xx\\YOLO-main\\entry\\src\\main\\module.json5",{"isDirectory":false,"fileSnapShotHashValue":"a76819755a0797a57891d818f73d5489"}],["C:\\duan\\home\\xx\\YOLO-main\\build-profile.json5",{"fileSnapShotHashValue":"b4b71584defeb3fe36ade1fe3e4e13a2"}],["C:\\duan\\home\\xx\\YOLO-main\\entry\\build-profile.json5",{"fileSnapShotHashValue":"91a9285ef72e43581d6332792ae2b469"}],["C:\\duan\\home\\xx\\YOLO-main\\entry\\src\\main\\resources\\base\\profile\\main_pages.json",{"fileSnapShotHashValue":"2ab77a25ed86c69eef367c2bbd7e991f"}],["C:\\duan\\home\\xx\\YOLO-main\\hvigor\\hvigor-config.json5",{"isDirectory":true,"fileSnapShotHashValue":"821dbf751c0312a207391a85c54df9cb"}],["C:\\duan\\home\\xx\\YOLO-main\\entry\\src\\mock\\mock-config.json5",{"isDirectory":false,"fileSnapShotHashValue":"658dc3b869433e99a359cc182c9e2f4d"}],["C:\\duan\\home\\xx\\YOLO-main\\entry\\oh-package.json5",{"fileSnapShotHashValue":"67c4328ebf74788c449f47b0d620fd45"}],["C:\\duan\\home\\xx\\YOLO-main\\oh-package.json5",{"fileSnapShotHashValue":"f9a5fc5559055eb987f494b78e858b88"}]]},"_outputFiles":{"dataType":"Map","value":[]}},":YOLO-main:entry:default@CreateModuleInfo":{"_inputs":[{"dataType":"ValueEntry","value":"{\"_name\":\"ohosUiTransformOptimization\",\"_value\":false,\"_valueType\":\"boolean\"}"},{"dataType":"ValueEntry","value":"{\"_name\":\"BUILTIN_TASK_COMMAND\",\"_value\":\"\",\"_valueType\":\"string\"}"},{"dataType":"ValueEntry","value":"{\"_name\":\"BUILTIN_TASK_TOOLCHAIN\",\"_value\":\"\",\"_valueType\":\"string\"}"},{"dataType":"ValueEntry","value":"{\"_name\":\"BUILTIN_TASK_ENV\",\"_value\":\"\",\"_valueType\":\"string\"}"}],"_successful":false,"_projectName":"YOLO-main","_moduleName":"entry","_taskName":"default@CreateModuleInfo","_key":":YOLO-main:entry:default@CreateModuleInfo","_executionId":":YOLO-main:entry:default@CreateModuleInfo:1747309326099","_inputFiles":{"dataType":"Map","value":[]},"_outputFiles":{"dataType":"Map","value":[["C:\\duan\\home\\xx\\YOLO-main\\entry\\.preview\\default\\generated\\profile\\default\\ModuleInfo.ts",{"isDirectory":false,"fileSnapShotHashValue":""}]]}},":YOLO-main:entry:default@MergeProfile":{"_inputs":[{"dataType":"ValueEntry","value":"{\"_name\":\"BUILTIN_TASK_COMMAND\",\"_value\":\"\",\"_valueType\":\"string\",\"_hash\":\"0b5d05294fdf4e78e8482ef53eb64ac0\"}"},{"dataType":"ValueEntry","value":"{\"_name\":\"BUILTIN_TASK_ENV\",\"_value\":\"\",\"_valueType\":\"string\",\"_hash\":\"cdcdc2ec8062ca9ec1de46dbf2bbc053\"}"},{"dataType":"ValueEntry","value":"{\"_name\":\"BUILTIN_TASK_TOOLCHAIN\",\"_value\":\"\",\"_valueType\":\"string\",\"_hash\":\"e7f94a9422a8bc317a7d90b58efcb5f6\"}"},{"dataType":"ValueEntry","value":"{\"_name\":\"appJsonOpt\",\"_value\":\"{\\\"app\\\":{\\\"bundleName\\\":\\\"com.example.yolo1\\\",\\\"vendor\\\":\\\"example\\\",\\\"versionCode\\\":1000000,\\\"versionName\\\":\\\"1.0.0\\\",\\\"icon\\\":\\\"$media:layered_image\\\",\\\"label\\\":\\\"$string:app_name\\\"}}\",\"_valueType\":\"string\",\"_hash\":\"ae70614c4007681de06dbe3242108383\"}"},{"dataType":"ValueEntry","value":"{\"_name\":\"asanEnable\",\"_value\":false,\"_valueType\":\"boolean\",\"_hash\":\"bc2129ba20a21b7e5234139ede1b4d7b\"}"},{"dataType":"ValueEntry","value":"{\"_name\":\"buildProfileAbilities\",\"_valueType\":\"undefined\",\"_hash\":\"40d5093f345351dd6d67ce5d6a209345\"}"},{"dataType":"ValueEntry","value":"{\"_name\":\"buildRoot\",\"_value\":\".preview\",\"_valueType\":\"string\",\"_hash\":\"88e9a315669657b02bc470a13f92befe\"}"},{"dataType":"ValueEntry","value":"{\"_name\":\"compatibleSdkVersion\",\"_value\":17,\"_valueType\":\"number\",\"_hash\":\"67f3677f856d8ed1468ea78c69f4fbd9\"}"},{"dataType":"ValueEntry","value":"{\"_name\":\"hwasanEnable\",\"_value\":false,\"_valueType\":\"boolean\",\"_hash\":\"d35c8440e915c3a94c482ddd6f7af075\"}"},{"dataType":"ValueEntry","value":"{\"_name\":\"integratedHsp\",\"_value\":false,\"_valueType\":\"boolean\",\"_hash\":\"e67900c25b1f9fb70cc779de77dc6912\"}"},{"dataType":"ValueEntry","value":"{\"_name\":\"isBundledDependencies\",\"_value\":false,\"_valueType\":\"boolean\",\"_hash\":\"a69aa552317c7a6e087cb84a5722e050\"}"},{"dataType":"ValueEntry","value":"{\"_name\":\"isDebug\",\"_value\":true,\"_valueType\":\"boolean\",\"_hash\":\"edbf05a2d2be2c385e75d9565a48d419\"}"},{"dataType":"ValueEntry","value":"{\"_name\":\"isHarModule\",\"_value\":false,\"_valueType\":\"boolean\",\"_hash\":\"a15b7a3ed818faa99a4a10d67f52cb72\"}"},{"dataType":"ValueEntry","value":"{\"_name\":\"moduleJsonOpt\",\"_value\":\"{\\\"module\\\":{\\\"name\\\":\\\"entry\\\",\\\"type\\\":\\\"entry\\\",\\\"description\\\":\\\"$string:module_desc\\\",\\\"mainElement\\\":\\\"EntryAbility\\\",\\\"deviceTypes\\\":[\\\"phone\\\",\\\"tablet\\\",\\\"2in1\\\"],\\\"deliveryWithInstall\\\":true,\\\"installationFree\\\":false,\\\"pages\\\":\\\"$profile:main_pages\\\",\\\"requestPermissions\\\":[{\\\"name\\\":\\\"ohos.permission.INTERNET\\\",\\\"reason\\\":\\\"$string:internet_permission_reason\\\",\\\"usedScene\\\":{\\\"abilities\\\":[\\\"EntryAbility\\\"],\\\"when\\\":\\\"always\\\"}},{\\\"name\\\":\\\"ohos.permission.READ_MEDIA\\\",\\\"reason\\\":\\\"$string:read_media_permission_reason\\\",\\\"usedScene\\\":{\\\"abilities\\\":[\\\"EntryAbility\\\"],\\\"when\\\":\\\"always\\\"}},{\\\"name\\\":\\\"ohos.permission.CAMERA\\\",\\\"reason\\\":\\\"$string:camera_permission_reason\\\",\\\"usedScene\\\":{\\\"abilities\\\":[\\\"EntryAbility\\\"],\\\"when\\\":\\\"always\\\"}}],\\\"abilities\\\":[{\\\"name\\\":\\\"EntryAbility\\\",\\\"srcEntry\\\":\\\"./ets/entryability/EntryAbility.ets\\\",\\\"description\\\":\\\"$string:EntryAbility_desc\\\",\\\"icon\\\":\\\"$media:layered_image\\\",\\\"label\\\":\\\"$string:EntryAbility_label\\\",\\\"startWindowIcon\\\":\\\"$media:startIcon\\\",\\\"startWindowBackground\\\":\\\"$color:start_window_background\\\",\\\"exported\\\":true,\\\"skills\\\":[{\\\"entities\\\":[\\\"entity.system.home\\\"],\\\"actions\\\":[\\\"action.system.home\\\"]}]}],\\\"extensionAbilities\\\":[{\\\"name\\\":\\\"EntryBackupAbility\\\",\\\"srcEntry\\\":\\\"./ets/entrybackupability/EntryBackupAbility.ets\\\",\\\"type\\\":\\\"backup\\\",\\\"exported\\\":false,\\\"metadata\\\":[{\\\"name\\\":\\\"ohos.extension.backup\\\",\\\"resource\\\":\\\"$profile:backup_config\\\"}]}]}}\",\"_valueType\":\"string\",\"_hash\":\"904e8d1ea6920f6a23600ffe51b1c980\"}"},{"dataType":"ValueEntry","value":"{\"_name\":\"multiProjects\",\"_value\":false,\"_valueType\":\"boolean\",\"_hash\":\"555604752defc243b4e4c55d1549fc06\"}"},{"dataType":"ValueEntry","value":"{\"_name\":\"packageName\",\"_value\":\"entry\",\"_valueType\":\"string\",\"_hash\":\"a754c30e6c7696d34a7f9aca5e67d70a\"}"},{"dataType":"ValueEntry","value":"{\"_name\":\"projectConfigAppOpt\",\"_valueType\":\"undefined\",\"_hash\":\"b52997704fa206ed96a13a1f2e464a85\"}"},{"dataType":"ValueEntry","value":"{\"_name\":\"releaseType\",\"_value\":\"Beta1\",\"_valueType\":\"string\",\"_hash\":\"1a006c1958194950c056f6e6aa5438b0\"}"},{"dataType":"ValueEntry","value":"{\"_name\":\"removePermissions\",\"_valueType\":\"undefined\",\"_hash\":\"0703cfc523a152c6195a8fd1935503e5\"}"},{"dataType":"ValueEntry","value":"{\"_name\":\"targetSdkVersion\",\"_value\":17,\"_valueType\":\"number\",\"_hash\":\"6349e4007c289af0c3a076b385231b54\"}"},{"dataType":"ValueEntry","value":"{\"_name\":\"tsanEnable\",\"_value\":false,\"_valueType\":\"boolean\",\"_hash\":\"086cac69f102cdd9ee25e54982ad7b76\"}"},{"dataType":"ValueEntry","value":"{\"_name\":\"ubsanEnable\",\"_value\":false,\"_valueType\":\"boolean\",\"_hash\":\"3b15da42c5f4b695fbd1d0b43191764a\"}"}],"_successful":true,"_projectName":"YOLO-main","_moduleName":"entry","_taskName":"default@MergeProfile","_key":":YOLO-main:entry:default@MergeProfile","_executionId":":YOLO-main:entry:default@MergeProfile:1747309086817","_inputFiles":{"dataType":"Map","value":[["C:\\duan\\home\\xx\\YOLO-main\\AppScope\\app.json5",{"fileSnapShotHashValue":"e7fd6d94de34fa89347107346d0defb1"}],["C:\\duan\\home\\xx\\YOLO-main\\build-profile.json5",{"fileSnapShotHashValue":"b4b71584defeb3fe36ade1fe3e4e13a2"}],["C:\\duan\\home\\xx\\YOLO-main\\entry\\src\\main\\module.json5",{"fileSnapShotHashValue":"a76819755a0797a57891d818f73d5489"}]]},"_outputFiles":{"dataType":"Map","value":[["C:\\duan\\home\\xx\\YOLO-main\\entry\\.preview\\default\\intermediates\\merge_profile\\default\\module.json",{"fileSnapShotHashValue":"d9cb311ee33344ae44464daa58724dbc"}]]}},":YOLO-main:entry:default@CreateBuildProfile":{"_inputs":[{"dataType":"ValueEntry","value":"{\"_name\":\"BUILTIN_TASK_COMMAND\",\"_value\":\"\",\"_valueType\":\"string\",\"_hash\":\"0b5d05294fdf4e78e8482ef53eb64ac0\"}"},{"dataType":"ValueEntry","value":"{\"_name\":\"BUILTIN_TASK_ENV\",\"_value\":\"\",\"_valueType\":\"string\",\"_hash\":\"cdcdc2ec8062ca9ec1de46dbf2bbc053\"}"},{"dataType":"ValueEntry","value":"{\"_name\":\"BUILTIN_TASK_TOOLCHAIN\",\"_value\":\"\",\"_valueType\":\"string\",\"_hash\":\"e7f94a9422a8bc317a7d90b58efcb5f6\"}"},{"dataType":"ValueEntry","value":"{\"_name\":\"buildMode\",\"_value\":\"Debug\",\"_valueType\":\"string\",\"_hash\":\"8120d22ada0d6de22b101e1f4ea16e81\"}"},{"dataType":"ValueEntry","value":"{\"_name\":\"buildModeName\",\"_value\":\"debug\",\"_valueType\":\"string\",\"_hash\":\"3f0246ea410fd9efa9fc7196cca045e3\"}"},{"dataType":"ValueEntry","value":"{\"_name\":\"buildProfileFields\",\"_value\":\"\",\"_valueType\":\"string\",\"_hash\":\"21090e125326cef17357e44b789a1ab5\"}"},{"dataType":"ValueEntry","value":"{\"_name\":\"projectOhosConfigAppOpt\",\"_value\":\"\",\"_valueType\":\"string\",\"_hash\":\"7613f1b2cb16d78bb723d12882b0d923\"}"}],"_successful":true,"_projectName":"YOLO-main","_moduleName":"entry","_taskName":"default@CreateBuildProfile","_key":":YOLO-main:entry:default@CreateBuildProfile","_executionId":":YOLO-main:entry:default@CreateBuildProfile:1747309086883","_inputFiles":{"dataType":"Map","value":[["C:\\duan\\home\\xx\\YOLO-main\\AppScope\\app.json5",{"fileSnapShotHashValue":"e7fd6d94de34fa89347107346d0defb1"}],["C:\\duan\\home\\xx\\YOLO-main\\build-profile.json5",{"fileSnapShotHashValue":"b4b71584defeb3fe36ade1fe3e4e13a2"}]]},"_outputFiles":{"dataType":"Map","value":[["C:\\duan\\home\\xx\\YOLO-main\\entry\\.preview\\default\\generated\\profile\\default\\BuildProfile.ets",{"fileSnapShotHashValue":"acc5d1b47ed8deed0e6bca015010d9cc"}]]}},":YOLO-main:entry:default@GeneratePkgContextInfo":{"_inputs":[{"dataType":"ValueEntry","value":"{\"_name\":\"BUILTIN_TASK_COMMAND\",\"_value\":\"\",\"_valueType\":\"string\",\"_hash\":\"0b5d05294fdf4e78e8482ef53eb64ac0\"}"},{"dataType":"ValueEntry","value":"{\"_name\":\"BUILTIN_TASK_ENV\",\"_value\":\"\",\"_valueType\":\"string\",\"_hash\":\"cdcdc2ec8062ca9ec1de46dbf2bbc053\"}"},{"dataType":"ValueEntry","value":"{\"_name\":\"BUILTIN_TASK_TOOLCHAIN\",\"_value\":\"\",\"_valueType\":\"string\",\"_hash\":\"e7f94a9422a8bc317a7d90b58efcb5f6\"}"},{"dataType":"ValueEntry","value":"{\"_name\":\"pkgContextInfoMap-@ohos/hamock\",\"_value\":\"566d0d1ba1afb93928c8984a8fae6421\",\"_valueType\":\"string\",\"_hash\":\"52638b5b8d5967d85f7d558e6c0897dd\"}"},{"dataType":"ValueEntry","value":"{\"_name\":\"pkgContextInfoMap-@ohos/hypium\",\"_value\":\"69dbd9141bebef47c71175aada1bd7bf\",\"_valueType\":\"string\",\"_hash\":\"65eb1ae89d72758b386a93dddd5db61d\"}"},{"dataType":"ValueEntry","value":"{\"_name\":\"pkgContextInfoMap-entry\",\"_value\":\"a8164913e569f3b3b2485e1811ddf44d\",\"_valueType\":\"string\",\"_hash\":\"6fbb0d2287cd1f34051162075393f37a\"}"},{"dataType":"ValueEntry","value":"{\"_name\":\"useNormalizedOHMUrl\",\"_value\":true,\"_valueType\":\"boolean\",\"_hash\":\"05eabcf12e6fe230e579e0fd37679db6\"}"}],"_successful":true,"_projectName":"YOLO-main","_moduleName":"entry","_taskName":"default@GeneratePkgContextInfo","_key":":YOLO-main:entry:default@GeneratePkgContextInfo","_executionId":":YOLO-main:entry:default@GeneratePkgContextInfo:1747309087012","_inputFiles":{"dataType":"Map","value":[]},"_outputFiles":{"dataType":"Map","value":[["C:\\duan\\home\\xx\\YOLO-main\\entry\\.preview\\default\\intermediates\\loader\\default\\pkgContextInfo.json",{"isDirectory":false,"fileSnapShotHashValue":"13ca534e8401f06c69fce758bd40d7d0"}]]}},":YOLO-main:entry:default@ProcessProfile":{"_inputs":[{"dataType":"ValueEntry","value":"{\"_name\":\"BUILTIN_TASK_COMMAND\",\"_value\":\"\",\"_valueType\":\"string\",\"_hash\":\"0b5d05294fdf4e78e8482ef53eb64ac0\"}"},{"dataType":"ValueEntry","value":"{\"_name\":\"BUILTIN_TASK_ENV\",\"_value\":\"\",\"_valueType\":\"string\",\"_hash\":\"cdcdc2ec8062ca9ec1de46dbf2bbc053\"}"},{"dataType":"ValueEntry","value":"{\"_name\":\"BUILTIN_TASK_TOOLCHAIN\",\"_value\":\"\",\"_valueType\":\"string\",\"_hash\":\"e7f94a9422a8bc317a7d90b58efcb5f6\"}"},{"dataType":"ValueEntry","value":"{\"_name\":\"arkEnable\",\"_value\":true,\"_valueType\":\"boolean\",\"_hash\":\"750b4bda198545a67903dfb3f6a00a95\"}"},{"dataType":"ValueEntry","value":"{\"_name\":\"compatibleSdkVersionStage\",\"_value\":\"\",\"_valueType\":\"string\",\"_hash\":\"713e499a13beffe12f1dfb936f957a2a\"}"},{"dataType":"ValueEntry","value":"{\"_name\":\"compileMode\",\"_value\":\"esmodule\",\"_valueType\":\"string\",\"_hash\":\"dacafc8e0b77a950178a0b4d142dc32c\"}"},{"dataType":"ValueEntry","value":"{\"_name\":\"dependency\",\"_value\":\"[]\",\"_valueType\":\"string\",\"_hash\":\"ac54f3d4ced2d4c1d666d40e4f7c454a\"}"},{"dataType":"ValueEntry","value":"{\"_name\":\"deviceTypes\",\"_value\":[\"phone\",\"tablet\",\"2in1\"],\"_valueType\":\"object\",\"_hash\":\"955f8760c6b7289b81ed107c2c4df075\"}"}],"_successful":true,"_projectName":"YOLO-main","_moduleName":"entry","_taskName":"default@ProcessProfile","_key":":YOLO-main:entry:default@ProcessProfile","_executionId":":YOLO-main:entry:default@ProcessProfile:1747309087074","_inputFiles":{"dataType":"Map","value":[["C:\\duan\\home\\xx\\YOLO-main\\entry\\.preview\\default\\intermediates\\merge_profile\\default\\module.json",{"fileSnapShotHashValue":"d9cb311ee33344ae44464daa58724dbc"}]]},"_outputFiles":{"dataType":"Map","value":[["C:\\duan\\home\\xx\\YOLO-main\\entry\\.preview\\default\\intermediates\\process_profile\\default\\module.json",{"fileSnapShotHashValue":"42e26210d144166c638c097190a6b797"}]]}},":YOLO-main:entry:default@ProcessRouterMap":{"_inputs":[{"dataType":"ValueEntry","value":"{\"_name\":\"BUILTIN_TASK_COMMAND\",\"_value\":\"\",\"_valueType\":\"string\",\"_hash\":\"0b5d05294fdf4e78e8482ef53eb64ac0\"}"},{"dataType":"ValueEntry","value":"{\"_name\":\"BUILTIN_TASK_ENV\",\"_value\":\"\",\"_valueType\":\"string\",\"_hash\":\"cdcdc2ec8062ca9ec1de46dbf2bbc053\"}"},{"dataType":"ValueEntry","value":"{\"_name\":\"BUILTIN_TASK_TOOLCHAIN\",\"_value\":\"\",\"_valueType\":\"string\",\"_hash\":\"e7f94a9422a8bc317a7d90b58efcb5f6\"}"},{"dataType":"ValueEntry","value":"{\"_name\":\"byteCodeHar\",\"_value\":false,\"_valueType\":\"boolean\",\"_hash\":\"1918a3ccb645ccacd0aedd84fc6cf8a4\"}"},{"dataType":"ValueEntry","value":"{\"_name\":\"obfuscated\",\"_value\":true,\"_valueType\":\"boolean\",\"_hash\":\"a69c27b9cf01a6710d3662cfe180239f\"}"},{"dataType":"ValueEntry","value":"{\"_name\":\"useNormalizedOHMUrl\",\"_value\":true,\"_valueType\":\"boolean\",\"_hash\":\"05eabcf12e6fe230e579e0fd37679db6\"}"}],"_successful":true,"_projectName":"YOLO-main","_moduleName":"entry","_taskName":"default@ProcessRouterMap","_key":":YOLO-main:entry:default@ProcessRouterMap","_executionId":":YOLO-main:entry:default@ProcessRouterMap:1747309089328","_inputFiles":{"dataType":"Map","value":[["C:\\duan\\home\\xx\\YOLO-main\\entry\\oh-package.json5",{"fileSnapShotHashValue":"67c4328ebf74788c449f47b0d620fd45"}],["C:\\duan\\home\\xx\\YOLO-main\\oh-package.json5",{"fileSnapShotHashValue":"f9a5fc5559055eb987f494b78e858b88"}],["C:\\duan\\home\\xx\\YOLO-main\\entry\\src\\main\\module.json5",{"fileSnapShotHashValue":"a76819755a0797a57891d818f73d5489"}],["C:\\duan\\home\\xx\\YOLO-main\\entry\\.preview\\default\\intermediates\\loader\\default\\pkgContextInfo.json",{"fileSnapShotHashValue":"13ca534e8401f06c69fce758bd40d7d0"}]]},"_outputFiles":{"dataType":"Map","value":[["C:\\duan\\home\\xx\\YOLO-main\\entry\\.preview\\default\\intermediates\\router_map\\default\\temp-router-map.json",{"fileSnapShotHashValue":"d9528742ea86c36e295be0bee0b4dc94"}],["C:\\duan\\home\\xx\\YOLO-main\\entry\\.preview\\default\\intermediates\\router_map\\default\\loader-router-map.json",{"fileSnapShotHashValue":"2566cd2b66fe7c076df83b62453a0f57"}]]}},":YOLO-main:entry:default@GenerateLoaderJson":{"_inputs":[{"dataType":"ValueEntry","value":"{\"_name\":\"BUILTIN_TASK_COMMAND\",\"_value\":\"\",\"_valueType\":\"string\",\"_hash\":\"0b5d05294fdf4e78e8482ef53eb64ac0\"}"},{"dataType":"ValueEntry","value":"{\"_name\":\"BUILTIN_TASK_ENV\",\"_value\":\"\",\"_valueType\":\"string\",\"_hash\":\"cdcdc2ec8062ca9ec1de46dbf2bbc053\"}"},{"dataType":"ValueEntry","value":"{\"_name\":\"BUILTIN_TASK_TOOLCHAIN\",\"_value\":\"\",\"_valueType\":\"string\",\"_hash\":\"e7f94a9422a8bc317a7d90b58efcb5f6\"}"},{"dataType":"ValueEntry","value":"{\"_name\":\"anBuildMode\",\"_value\":\"type\",\"_valueType\":\"string\",\"_hash\":\"de241a1eec94a2a622ff1c89f32846a2\"}"},{"dataType":"ValueEntry","value":"{\"_name\":\"apPath\",\"_value\":\"C:\\\\duan\\\\home\\\\xx\\\\YOLO-main\\\\entry\\\\modules.ap\",\"_valueType\":\"string\",\"_hash\":\"30c6a4b228722959f4c1f408fbbd453c\"}"},{"dataType":"ValueEntry","value":"{\"_name\":\"compatibleApiVersion\",\"_value\":17,\"_valueType\":\"number\",\"_hash\":\"7ebeb63c8f8703f7a7166363b4ae2928\"}"},{"dataType":"ValueEntry","value":"{\"_name\":\"compileApiVersion\",\"_value\":17,\"_valueType\":\"number\",\"_hash\":\"7ed709b82b73f46ab4cfd211b8cb709b\"}"},{"dataType":"ValueEntry","value":"{\"_name\":\"compileMode\",\"_value\":\"esmodule\",\"_valueType\":\"string\",\"_hash\":\"dacafc8e0b77a950178a0b4d142dc32c\"}"},{"dataType":"ValueEntry","value":"{\"_name\":\"fallbackAnBuild\",\"_value\":false,\"_valueType\":\"boolean\",\"_hash\":\"a63e98bb3f368ced6ed4d5579ea7ca39\"}"},{"dataType":"ValueEntry","value":"{\"_name\":\"harNameOhmMap\",\"_value\":\"{}\",\"_valueType\":\"string\",\"_hash\":\"0faf006bccbcdc2c7f04ff2d8c87894f\"}"},{"dataType":"ValueEntry","value":"{\"_name\":\"hspNameOhmMap\",\"_value\":\"{}\",\"_valueType\":\"string\",\"_hash\":\"0e2d87e0c1ed279c66bc3efb8683e5d1\"}"},{"dataType":"ValueEntry","value":"{\"_name\":\"isBundledDependencies\",\"_value\":false,\"_valueType\":\"boolean\",\"_hash\":\"a69aa552317c7a6e087cb84a5722e050\"}"},{"dataType":"ValueEntry","value":"{\"_name\":\"isByteCodeHar\",\"_value\":false,\"_valueType\":\"boolean\",\"_hash\":\"c5f9b9e5cabee4253d52d0d01ca64ba2\"}"},{"dataType":"ValueEntry","value":"{\"_name\":\"isFullCompilationEnabled\",\"_value\":true,\"_valueType\":\"boolean\",\"_hash\":\"98b683d049e4e7fc32ef1be5321fe0b6\"}"},{"dataType":"ValueEntry","value":"{\"_name\":\"isHarWithCoverage\",\"_value\":false,\"_valueType\":\"boolean\",\"_hash\":\"7224a86bd9c5f83cb9a1a61584afcfb4\"}"},{"dataType":"ValueEntry","value":"{\"_name\":\"isOhosTest\",\"_value\":false,\"_valueType\":\"boolean\",\"_hash\":\"d82a43074b4d7726f9a69dbce1ae80d2\"}"},{"dataType":"ValueEntry","value":"{\"_name\":\"modulePathMap\",\"_value\":\"{\\\"entry\\\":\\\"C:\\\\\\\\duan\\\\\\\\home\\\\\\\\xx\\\\\\\\YOLO-main\\\\\\\\entry\\\"}\",\"_valueType\":\"string\",\"_hash\":\"a6e4c8299d904a0f87df2d0611b45b7f\"}"},{"dataType":"ValueEntry","value":"{\"_name\":\"module_dependencies\",\"_value\":\"{}\",\"_valueType\":\"string\",\"_hash\":\"974757f304b5bfd1c1454ea7a38cd0d5\"}"},{"dataType":"ValueEntry","value":"{\"_name\":\"needSubmitArkTsWidget\",\"_value\":false,\"_valueType\":\"boolean\",\"_hash\":\"dc1ab65720a503a3d9098eab280b7116\"}"},{"dataType":"ValueEntry","value":"{\"_name\":\"nodeModulesPath\",\"_value\":\"C:\\\\duan\\\\home\\\\xx\\\\YOLO-main\\\\entry\\\\.preview\\\\default\\\\intermediates\\\\loader_out\\\\default\\\\node_modules\",\"_valueType\":\"string\",\"_hash\":\"0bf5b5108cab23ebbacd0cf3db101167\"}"},{"dataType":"ValueEntry","value":"{\"_name\":\"overrides\",\"_valueType\":\"undefined\",\"_hash\":\"0e8f66f8eb79c6f33fb153c3fc3942f4\"}"},{"dataType":"ValueEntry","value":"{\"_name\":\"patchConfig\",\"_valueType\":\"undefined\",\"_hash\":\"4620e35a57f3f6f55564cea6f6128e50\"}"},{"dataType":"ValueEntry","value":"{\"_name\":\"projectRootPath\",\"_value\":\"C:\\\\duan\\\\home\\\\xx\\\\YOLO-main\",\"_valueType\":\"string\",\"_hash\":\"8c857c6ce869abe29f5b69e6204cdf15\"}"},{"dataType":"ValueEntry","value":"{\"_name\":\"project_dependencies\",\"_value\":\"{}\",\"_valueType\":\"string\",\"_hash\":\"e15496bf1de2273597f444f07f1ca6d5\"}"},{"dataType":"ValueEntry","value":"{\"_name\":\"shouldTreatHarAsHap\",\"_value\":false,\"_valueType\":\"boolean\",\"_hash\":\"24c9a48f68bd9cc73238825ca10c9629\"}"},{"dataType":"ValueEntry","value":"{\"_name\":\"targetConfig\",\"_value\":\"{\\\"name\\\":\\\"default\\\"}\",\"_valueType\":\"string\",\"_hash\":\"44f0c01d44e2bbf4013c5bb1f232e1fe\"}"},{"dataType":"ValueEntry","value":"{\"_name\":\"useNormalizedOHMUrl\",\"_value\":true,\"_valueType\":\"boolean\",\"_hash\":\"05eabcf12e6fe230e579e0fd37679db6\"}"}],"_successful":true,"_projectName":"YOLO-main","_moduleName":"entry","_taskName":"default@GenerateLoaderJson","_key":":YOLO-main:entry:default@GenerateLoaderJson","_executionId":":YOLO-main:entry:default@GenerateLoaderJson:1747309089629","_inputFiles":{"dataType":"Map","value":[["C:\\duan\\home\\xx\\YOLO-main\\entry\\src\\mock\\mock-config.json5",{"fileSnapShotHashValue":"658dc3b869433e99a359cc182c9e2f4d"}],["C:\\duan\\home\\xx\\YOLO-main\\entry\\.preview\\default\\intermediates\\loader\\default\\pkgContextInfo.json",{"fileSnapShotHashValue":"13ca534e8401f06c69fce758bd40d7d0"}],["C:\\duan\\home\\xx\\YOLO-main\\entry\\.preview\\default\\intermediates\\router_map\\default\\temp-router-map.json",{"fileSnapShotHashValue":"d9528742ea86c36e295be0bee0b4dc94"}]]},"_outputFiles":{"dataType":"Map","value":[["C:\\duan\\home\\xx\\YOLO-main\\entry\\.preview\\default\\intermediates\\loader\\default\\loader.json",{"isDirectory":false,"fileSnapShotHashValue":"87d76af27c5a392555351ea5fa4918fa"}]]}},":YOLO-main:entry:default@PreviewCompileResource":{"_inputs":[{"dataType":"ValueEntry","value":"{\"_name\":\"PREVIEWER_REPLACE_PAGE\",\"_valueType\":\"undefined\"}"},{"dataType":"ValueEntry","value":"{\"_name\":\"PREVIEWER_REPLACE_SRCPATH\",\"_valueType\":\"undefined\"}"},{"dataType":"ValueEntry","value":"{\"_name\":\"TARGET_CONFIG\",\"_value\":\"{\\\"name\\\":\\\"default\\\"}\",\"_valueType\":\"string\"}"},{"dataType":"ValueEntry","value":"{\"_name\":\"BUILTIN_TASK_COMMAND\",\"_value\":\"\",\"_valueType\":\"string\"}"},{"dataType":"ValueEntry","value":"{\"_name\":\"BUILTIN_TASK_TOOLCHAIN\",\"_value\":\"C:\\\\HarmonyOs\\\\DevEco Studio\\\\sdk\\\\default\\\\openharmony\\\\toolchains\\\\restool.exe\",\"_valueType\":\"string\"}"},{"dataType":"ValueEntry","value":"{\"_name\":\"BUILTIN_TASK_ENV\",\"_value\":\"\",\"_valueType\":\"string\"}"}],"_successful":true,"_projectName":"YOLO-main","_moduleName":"entry","_taskName":"default@PreviewCompileResource","_key":":YOLO-main:entry:default@PreviewCompileResource","_executionId":":YOLO-main:entry:default@PreviewCompileResource:1747309326428","_inputFiles":{"dataType":"Map","value":[["C:\\duan\\home\\xx\\YOLO-main\\entry\\src\\main\\resources",{"fileSnapShotHashValue":"44569d9d57c740f3afd97f4abfa1fc0a"}],["C:\\duan\\home\\xx\\YOLO-main\\entry\\.preview\\default\\intermediates\\merge_profile\\default\\module.json",{"fileSnapShotHashValue":"d9cb311ee33344ae44464daa58724dbc"}]]},"_outputFiles":{"dataType":"Map","value":[["C:\\duan\\home\\xx\\YOLO-main\\entry\\.preview\\default\\intermediates\\res\\default",{"isDirectory":true,"fileSnapShotHashValue":"d9b5bae97f232410d48e18669d724873"}],["C:\\duan\\home\\xx\\YOLO-main\\entry\\.preview\\default\\generated\\r\\default",{"isDirectory":true,"fileSnapShotHashValue":"90c1ac1933548ea84e12c7db16058a76"}]]}},":YOLO-main:entry:default@CopyPreviewProfile":{"_inputs":[{"dataType":"ValueEntry","value":"{\"_name\":\"BUILTIN_TASK_COMMAND\",\"_value\":\"\",\"_valueType\":\"string\"}"},{"dataType":"ValueEntry","value":"{\"_name\":\"BUILTIN_TASK_TOOLCHAIN\",\"_value\":\"\",\"_valueType\":\"string\"}"},{"dataType":"ValueEntry","value":"{\"_name\":\"BUILTIN_TASK_ENV\",\"_value\":\"\",\"_valueType\":\"string\"}"}],"_successful":true,"_projectName":"YOLO-main","_moduleName":"entry","_taskName":"default@CopyPreviewProfile","_key":":YOLO-main:entry:default@CopyPreviewProfile","_executionId":":YOLO-main:entry:default@CopyPreviewProfile:1747309327929","_inputFiles":{"dataType":"Map","value":[["C:\\duan\\home\\xx\\YOLO-main\\entry\\src\\main\\resources\\base\\profile",{"fileSnapShotHashValue":"fd92b20aca8eaf0beed0292044326533"}]]},"_outputFiles":{"dataType":"Map","value":[["C:\\duan\\home\\xx\\YOLO-main\\entry\\.preview\\default\\intermediates\\res\\default\\resources\\base\\profile",{"fileSnapShotHashValue":"e226ed30419e9fd2d2239cfc0158651b"}]]}},":YOLO-main:entry:default@PreviewUpdateAssets":{"_inputs":[{"dataType":"ValueEntry","value":"{\"_name\":\"previewBuildConfigJson\",\"_value\":\"{\\\"deviceType\\\":\\\"phone,tablet,2in1\\\",\\\"buildMode\\\":\\\"debug\\\",\\\"note\\\":\\\"false\\\",\\\"logLevel\\\":\\\"3\\\",\\\"isPreview\\\":\\\"true\\\",\\\"checkEntry\\\":\\\"true\\\",\\\"localPropertiesPath\\\":\\\"C:\\\\\\\\duan\\\\\\\\home\\\\\\\\xx\\\\\\\\YOLO-main\\\\\\\\local.properties\\\",\\\"Path\\\":\\\"C:\\\\\\\\HarmonyOs\\\\\\\\DevEco Studio\\\\\\\\tools\\\\\\\\node\\\\\\\\\\\",\\\"aceProfilePath\\\":\\\"C:\\\\\\\\duan\\\\\\\\home\\\\\\\\xx\\\\\\\\YOLO-main\\\\\\\\entry\\\\\\\\.preview\\\\\\\\default\\\\\\\\intermediates\\\\\\\\res\\\\\\\\default\\\\\\\\resources\\\\\\\\base\\\\\\\\profile\\\",\\\"hapMode\\\":\\\"false\\\",\\\"img2bin\\\":\\\"true\\\",\\\"projectProfilePath\\\":\\\"C:\\\\\\\\duan\\\\\\\\home\\\\\\\\xx\\\\\\\\YOLO-main\\\\\\\\build-profile.json5\\\",\\\"watchMode\\\":\\\"true\\\",\\\"appResource\\\":\\\"C:\\\\\\\\duan\\\\\\\\home\\\\\\\\xx\\\\\\\\YOLO-main\\\\\\\\entry\\\\\\\\.preview\\\\\\\\default\\\\\\\\intermediates\\\\\\\\res\\\\\\\\default\\\\\\\\ResourceTable.txt\\\",\\\"aceBuildJson\\\":\\\"C:\\\\\\\\duan\\\\\\\\home\\\\\\\\xx\\\\\\\\YOLO-main\\\\\\\\entry\\\\\\\\.preview\\\\\\\\default\\\\\\\\intermediates\\\\\\\\loader\\\\\\\\default\\\\\\\\loader.json\\\",\\\"aceModuleRoot\\\":\\\"C:\\\\\\\\duan\\\\\\\\home\\\\\\\\xx\\\\\\\\YOLO-main\\\\\\\\entry\\\\\\\\src\\\\\\\\main\\\\\\\\ets\\\",\\\"aceSoPath\\\":\\\"C:\\\\\\\\duan\\\\\\\\home\\\\\\\\xx\\\\\\\\YOLO-main\\\\\\\\entry\\\\\\\\.preview\\\\\\\\cache\\\\\\\\nativeDependencies.txt\\\",\\\"cachePath\\\":\\\"C:\\\\\\\\duan\\\\\\\\home\\\\\\\\xx\\\\\\\\YOLO-main\\\\\\\\entry\\\\\\\\.preview\\\\\\\\cache\\\\\\\\.default\\\",\\\"aceModuleBuild\\\":\\\"C:\\\\\\\\duan\\\\\\\\home\\\\\\\\xx\\\\\\\\YOLO-main\\\\\\\\entry\\\\\\\\.preview\\\\\\\\default\\\\\\\\intermediates\\\\\\\\assets\\\\\\\\default\\\\\\\\ets\\\",\\\"aceModuleJsonPath\\\":\\\"C:\\\\\\\\duan\\\\\\\\home\\\\\\\\xx\\\\\\\\YOLO-main\\\\\\\\entry\\\\\\\\.preview\\\\\\\\default\\\\\\\\intermediates\\\\\\\\res\\\\\\\\default\\\\\\\\module.json\\\",\\\"stageRouterConfig\\\":{\\\"paths\\\":[\\\"C:\\\\\\\\duan\\\\\\\\home\\\\\\\\xx\\\\\\\\YOLO-main\\\\\\\\entry\\\\\\\\.preview\\\\\\\\default\\\\\\\\intermediates\\\\\\\\res\\\\\\\\default\\\\\\\\module.json\\\",\\\"C:\\\\\\\\duan\\\\\\\\home\\\\\\\\xx\\\\\\\\YOLO-main\\\\\\\\entry\\\\\\\\.preview\\\\\\\\default\\\\\\\\intermediates\\\\\\\\res\\\\\\\\default\\\\\\\\resources\\\\\\\\base\\\\\\\\profile\\\\\\\\main_pages.json\\\"],\\\"contents\\\":[\\\"{\\\\\\\"module\\\\\\\":{\\\\\\\"pages\\\\\\\":\\\\\\\"$profile:main_pages\\\\\\\",\\\\\\\"name\\\\\\\":\\\\\\\"entry\\\\\\\"}}\\\",\\\"{\\\\\\\"src\\\\\\\":[\\\\\\\"pages/Index\\\\\\\",\\\\\\\"pages/VideoAnalysisPage\\\\\\\",\\\\\\\"pages/RealTimeAnalysisTestPage\\\\\\\"]}\\\"]}}\",\"_valueType\":\"string\"}"},{"dataType":"ValueEntry","value":"{\"_name\":\"BUILTIN_TASK_COMMAND\",\"_value\":\"\",\"_valueType\":\"string\"}"},{"dataType":"ValueEntry","value":"{\"_name\":\"BUILTIN_TASK_TOOLCHAIN\",\"_value\":\"\",\"_valueType\":\"string\"}"},{"dataType":"ValueEntry","value":"{\"_name\":\"BUILTIN_TASK_ENV\",\"_value\":\"\",\"_valueType\":\"string\"}"}],"_successful":true,"_projectName":"YOLO-main","_moduleName":"entry","_taskName":"default@PreviewUpdateAssets","_key":":YOLO-main:entry:default@PreviewUpdateAssets","_executionId":":YOLO-main:entry:default@PreviewUpdateAssets:1747309327978","_inputFiles":{"dataType":"Map","value":[]},"_outputFiles":{"dataType":"Map","value":[["C:\\duan\\home\\xx\\YOLO-main\\entry\\.preview\\default\\intermediates\\res\\default\\module.json",{"isDirectory":false,"fileSnapShotHashValue":"fc026b276e479c3e9da07c0298ce193c"}],["C:\\duan\\home\\xx\\YOLO-main\\entry\\.preview\\default\\intermediates\\res\\default\\resources\\base\\profile\\main_pages.json",{"isDirectory":false,"fileSnapShotHashValue":"f2cd23d23c2c9cf24cd4f2abc40f6870"}]]}},":YOLO-main:entry:default@PreviewArkTS":{"_inputs":[{"dataType":"ValueEntry","value":"{\"_name\":\"debuggable\",\"_value\":true,\"_valueType\":\"boolean\"}"},{"dataType":"ValueEntry","value":"{\"_name\":\"isArk\",\"_value\":true,\"_valueType\":\"boolean\"}"},{"dataType":"ValueEntry","value":"{\"_name\":\"needCoverageInsert\",\"_value\":false,\"_valueType\":\"boolean\"}"},{"dataType":"ValueEntry","value":"{\"_name\":\"ark.tsImportSendable\",\"_value\":false,\"_valueType\":\"boolean\"}"},{"dataType":"ValueEntry","value":"{\"_name\":\"customTypes\",\"_value\":\"\",\"_valueType\":\"string\"}"},{"dataType":"ValueEntry","value":"{\"_name\":\"caseSensitiveCheck\",\"_value\":true,\"_valueType\":\"boolean\"}"},{"dataType":"ValueEntry","value":"{\"_name\":\"useNormalizedOHMUrl\",\"_value\":true,\"_valueType\":\"boolean\"}"},{"dataType":"ValueEntry","value":"{\"_name\":\"transformLib\",\"_value\":\"\",\"_valueType\":\"string\"}"},{"dataType":"ValueEntry","value":"{\"_name\":\"compatibleSdkVersionStage\",\"_value\":\"\",\"_valueType\":\"string\"}"},{"dataType":"ValueEntry","value":"{\"_name\":\"autoLazyImport\",\"_value\":false,\"_valueType\":\"boolean\"}"},{"dataType":"ValueEntry","value":"{\"_name\":\"allowEmptyBundleName\",\"_value\":false,\"_valueType\":\"boolean\"}"},{"dataType":"ValueEntry","value":"{\"_name\":\"arkTsWdiget\",\"_value\":false,\"_valueType\":\"boolean\"}"},{"dataType":"ValueEntry","value":"{\"_name\":\"OBFUSCATION_ENABLE\",\"_value\":\"undefined\",\"_valueType\":\"string\"}"},{"dataType":"ValueEntry","value":"{\"_name\":\"copyCodeResourceEnable\",\"_value\":true,\"_valueType\":\"boolean\"}"},{"dataType":"ValueEntry","value":"{\"_name\":\"copyCodeResourceExcludes\",\"_value\":[],\"_valueType\":\"object\"}"},{"dataType":"ValueEntry","value":"{\"_name\":\"noExternalImportByPath\",\"_value\":true,\"_valueType\":\"boolean\"}"},{"dataType":"ValueEntry","value":"{\"_name\":\"ohos.uiTransform.Optimization\",\"_value\":false,\"_valueType\":\"boolean\"}"},{"dataType":"ValueEntry","value":"{\"_name\":\"BUILTIN_TASK_COMMAND\",\"_value\":\"\",\"_valueType\":\"string\"}"},{"dataType":"ValueEntry","value":"{\"_name\":\"BUILTIN_TASK_TOOLCHAIN\",\"_value\":\"\",\"_valueType\":\"string\"}"},{"dataType":"ValueEntry","value":"{\"_name\":\"BUILTIN_TASK_ENV\",\"_value\":\"\",\"_valueType\":\"string\"}"}],"_successful":true,"_projectName":"YOLO-main","_moduleName":"entry","_taskName":"default@PreviewArkTS","_key":":YOLO-main:entry:default@PreviewArkTS","_executionId":":YOLO-main:entry:default@PreviewArkTS:1747309328032","_inputFiles":{"dataType":"Map","value":[["C:\\duan\\home\\xx\\YOLO-main\\entry\\.preview\\default\\intermediates\\loader\\default",{"isDirectory":true,"fileSnapShotHashValue":"80cdae6c4a1889ff01136e23331e59a1"}],["C:\\duan\\home\\xx\\YOLO-main\\entry\\.preview\\default\\intermediates\\res\\default\\ResourceTable.txt",{"fileSnapShotHashValue":"a44ae23d541c60aefe9a1ea3b77a40ff"}],["C:\\duan\\home\\xx\\YOLO-main\\entry\\.preview\\default\\intermediates\\process_profile\\default\\module.json",{"fileSnapShotHashValue":"42e26210d144166c638c097190a6b797"}],["C:\\duan\\home\\xx\\YOLO-main\\entry\\.preview\\default\\intermediates\\res\\default\\resources\\base\\profile",{"isDirectory":true,"fileSnapShotHashValue":"e226ed30419e9fd2d2239cfc0158651b"}],["C:\\duan\\home\\xx\\YOLO-main\\entry\\src\\main\\ets",{"isDirectory":true,"fileSnapShotHashValue":"c5879014317281623f96eac8cbd91dd0"}],["C:\\duan\\home\\xx\\YOLO-main\\entry\\.preview\\default\\intermediates\\loader\\default\\pkgContextInfo.json",{"fileSnapShotHashValue":"13ca534e8401f06c69fce758bd40d7d0"}],["C:\\duan\\home\\xx\\YOLO-main\\entry\\.preview\\default\\generated\\profile\\default\\BuildProfile.ets",{"fileSnapShotHashValue":"acc5d1b47ed8deed0e6bca015010d9cc"}],["C:\\duan\\home\\xx\\YOLO-main\\entry\\src\\mock\\mock-config.json5",{"isDirectory":false,"fileSnapShotHashValue":"658dc3b869433e99a359cc182c9e2f4d"}]]},"_outputFiles":{"dataType":"Map","value":[["C:\\duan\\home\\xx\\YOLO-main\\entry\\.preview\\default\\intermediates\\loader_out\\default\\ets",{"isDirectory":true,"fileSnapShotHashValue":""}]]}},":YOLO-main:entry:default@GenerateMetadata":{"_inputs":[{"dataType":"ValueEntry","value":"{\"_name\":\"BUILTIN_TASK_COMMAND\",\"_value\":\"\",\"_valueType\":\"string\"}"},{"dataType":"ValueEntry","value":"{\"_name\":\"BUILTIN_TASK_ENV\",\"_value\":\"\",\"_valueType\":\"string\"}"},{"dataType":"ValueEntry","value":"{\"_name\":\"BUILTIN_TASK_TOOLCHAIN\",\"_value\":\"\",\"_valueType\":\"string\"}"},{"dataType":"ValueEntry","value":"{\"_name\":\"artifactName\",\"_value\":\"\",\"_valueType\":\"string\"}"},{"dataType":"ValueEntry","value":"{\"_name\":\"isSigned\",\"_value\":false,\"_valueType\":\"boolean\"}"},{"dataType":"ValueEntry","value":"{\"_name\":\"relatedEntryModules\",\"_value\":\"\",\"_valueType\":\"string\"}"},{"dataType":"ValueEntry","value":"{\"_name\":\"remoteHspMetaData\",\"_value\":\"\",\"_valueType\":\"string\"}"},{"dataType":"ValueEntry","value":"{\"_name\":\"targetDeviceType\",\"_value\":[\"phone\",\"tablet\",\"2in1\"],\"_valueType\":\"object\"}"}],"_successful":true,"_projectName":"YOLO-main","_moduleName":"entry","_taskName":"default@GenerateMetadata","_key":":YOLO-main:entry:default@GenerateMetadata","_executionId":":YOLO-main:entry:default@GenerateMetadata:1747308891778","_inputFiles":{"dataType":"Map","value":[["C:\\duan\\home\\xx\\YOLO-main\\entry\\src\\main\\module.json5",{"fileSnapShotHashValue":"a76819755a0797a57891d818f73d5489"}]]},"_outputFiles":{"dataType":"Map","value":[["C:\\duan\\home\\xx\\YOLO-main\\entry\\build\\default\\intermediates\\hap_metadata\\default\\output_metadata.json",{"fileSnapShotHashValue":"1edbf2e599343c07969c846e5eeda2eb"}]]}},":YOLO-main:entry:default@ProcessIntegratedHsp":{"_inputs":[{"dataType":"ValueEntry","value":"{\"_name\":\"BUILTIN_TASK_COMMAND\",\"_value\":\"\",\"_valueType\":\"string\"}"},{"dataType":"ValueEntry","value":"{\"_name\":\"BUILTIN_TASK_TOOLCHAIN\",\"_value\":\"\",\"_valueType\":\"string\"}"},{"dataType":"ValueEntry","value":"{\"_name\":\"BUILTIN_TASK_ENV\",\"_value\":\"\",\"_valueType\":\"string\"}"}],"_successful":true,"_projectName":"YOLO-main","_moduleName":"entry","_taskName":"default@ProcessIntegratedHsp","_key":":YOLO-main:entry:default@ProcessIntegratedHsp","_executionId":":YOLO-main:entry:default@ProcessIntegratedHsp:1747308891884","_inputFiles":{"dataType":"Map","value":[]},"_outputFiles":{"dataType":"Map","value":[["C:\\duan\\home\\xx\\YOLO-main\\build\\cache\\default\\integrated_hsp\\integratedHspCache.json",{"isDirectory":false,"fileSnapShotHashValue":""}]]}},":YOLO-main:entry:default@MakePackInfo":{"_inputs":[{"dataType":"ValueEntry","value":"{\"_name\":\"BUILTIN_TASK_COMMAND\",\"_value\":\"\",\"_valueType\":\"string\"}"},{"dataType":"ValueEntry","value":"{\"_name\":\"BUILTIN_TASK_ENV\",\"_value\":\"\",\"_valueType\":\"string\"}"},{"dataType":"ValueEntry","value":"{\"_name\":\"BUILTIN_TASK_TOOLCHAIN\",\"_value\":\"\",\"_valueType\":\"string\"}"},{"dataType":"ValueEntry","value":"{\"_name\":\"appResOpt\",\"_value\":\"{\\\"app\\\":{\\\"bundleName\\\":\\\"com.example.yolo1\\\",\\\"vendor\\\":\\\"example\\\",\\\"versionCode\\\":1000000,\\\"versionName\\\":\\\"1.0.0\\\",\\\"icon\\\":\\\"$media:layered_image\\\",\\\"label\\\":\\\"$string:app_name\\\"}}\",\"_valueType\":\"string\"}"},{"dataType":"ValueEntry","value":"{\"_name\":\"compatibleSdkVersion\",\"_value\":17,\"_valueType\":\"number\"}"},{"dataType":"ValueEntry","value":"{\"_name\":\"compileSdkVersion\",\"_value\":17,\"_valueType\":\"number\"}"},{"dataType":"ValueEntry","value":"{\"_name\":\"deviceTypes\",\"_value\":[\"phone\",\"tablet\",\"2in1\"],\"_valueType\":\"object\"}"},{"dataType":"ValueEntry","value":"{\"_name\":\"integratedHsp\",\"_value\":false,\"_valueType\":\"boolean\"}"},{"dataType":"ValueEntry","value":"{\"_name\":\"moduleJsonOpt\",\"_value\":\"{\\\"module\\\":{\\\"name\\\":\\\"entry\\\",\\\"type\\\":\\\"entry\\\",\\\"description\\\":\\\"$string:module_desc\\\",\\\"mainElement\\\":\\\"EntryAbility\\\",\\\"deviceTypes\\\":[\\\"phone\\\",\\\"tablet\\\",\\\"2in1\\\"],\\\"deliveryWithInstall\\\":true,\\\"pages\\\":\\\"$profile:main_pages\\\",\\\"requestPermissions\\\":[{\\\"name\\\":\\\"ohos.permission.INTERNET\\\",\\\"reason\\\":\\\"$string:internet_permission_reason\\\",\\\"usedScene\\\":{\\\"abilities\\\":[\\\"EntryAbility\\\"],\\\"when\\\":\\\"always\\\"}},{\\\"name\\\":\\\"ohos.permission.READ_MEDIA\\\",\\\"reason\\\":\\\"$string:read_media_permission_reason\\\",\\\"usedScene\\\":{\\\"abilities\\\":[\\\"EntryAbility\\\"],\\\"when\\\":\\\"always\\\"}},{\\\"name\\\":\\\"ohos.permission.CAMERA\\\",\\\"reason\\\":\\\"$string:camera_permission_reason\\\",\\\"usedScene\\\":{\\\"abilities\\\":[\\\"EntryAbility\\\"],\\\"when\\\":\\\"always\\\"}}],\\\"abilities\\\":[{\\\"name\\\":\\\"EntryAbility\\\",\\\"srcEntry\\\":\\\"./ets/entryability/EntryAbility.ets\\\",\\\"description\\\":\\\"$string:EntryAbility_desc\\\",\\\"icon\\\":\\\"$media:layered_image\\\",\\\"label\\\":\\\"$string:EntryAbility_label\\\",\\\"startWindowIcon\\\":\\\"$media:startIcon\\\",\\\"startWindowBackground\\\":\\\"$color:start_window_background\\\",\\\"exported\\\":true,\\\"skills\\\":[{\\\"entities\\\":[\\\"entity.system.home\\\"],\\\"actions\\\":[\\\"action.system.home\\\"]}]}],\\\"extensionAbilities\\\":[{\\\"name\\\":\\\"EntryBackupAbility\\\",\\\"srcEntry\\\":\\\"./ets/entrybackupability/EntryBackupAbility.ets\\\",\\\"type\\\":\\\"backup\\\",\\\"exported\\\":false,\\\"metadata\\\":[{\\\"name\\\":\\\"ohos.extension.backup\\\",\\\"resource\\\":\\\"$profile:backup_config\\\"}]}]}}\",\"_valueType\":\"string\"}"},{"dataType":"ValueEntry","value":"{\"_name\":\"projectConfigAppOpt\",\"_valueType\":\"undefined\"}"},{"dataType":"ValueEntry","value":"{\"_name\":\"releaseType\",\"_value\":\"Beta1\",\"_valueType\":\"string\"}"}],"_successful":true,"_projectName":"YOLO-main","_moduleName":"entry","_taskName":"default@MakePackInfo","_key":":YOLO-main:entry:default@MakePackInfo","_executionId":":YOLO-main:entry:default@MakePackInfo:1747308891904","_inputFiles":{"dataType":"Map","value":[["C:\\duan\\home\\xx\\YOLO-main\\AppScope\\app.json5",{"fileSnapShotHashValue":"e7fd6d94de34fa89347107346d0defb1"}],["C:\\duan\\home\\xx\\YOLO-main\\entry\\src\\main\\module.json5",{"fileSnapShotHashValue":"a76819755a0797a57891d818f73d5489"}],["C:\\duan\\home\\xx\\YOLO-main\\build-profile.json5",{"fileSnapShotHashValue":"b4b71584defeb3fe36ade1fe3e4e13a2"}],["C:\\duan\\home\\xx\\YOLO-main\\entry\\src\\main\\resources\\base\\profile\\backup_config.json",{"fileSnapShotHashValue":"79df4f7198733f125d66c665f0433b62"}]]},"_outputFiles":{"dataType":"Map","value":[["C:\\duan\\home\\xx\\YOLO-main\\entry\\build\\default\\outputs\\default\\pack.info",{"fileSnapShotHashValue":"3b365eb9d9e5a84b577c4143034757eb"}]]}},":YOLO-main:entry:default@SyscapTransform":{"_inputs":[{"dataType":"ValueEntry","value":"{\"_name\":\"deviceTypes\",\"_value\":[\"phone\",\"tablet\",\"2in1\"],\"_valueType\":\"object\"}"},{"dataType":"ValueEntry","value":"{\"_name\":\"BUILTIN_TASK_COMMAND\",\"_value\":\"\",\"_valueType\":\"string\"}"},{"dataType":"ValueEntry","value":"{\"_name\":\"BUILTIN_TASK_TOOLCHAIN\",\"_value\":\"\",\"_valueType\":\"string\"}"},{"dataType":"ValueEntry","value":"{\"_name\":\"BUILTIN_TASK_ENV\",\"_value\":\"\",\"_valueType\":\"string\"}"}],"_successful":true,"_projectName":"YOLO-main","_moduleName":"entry","_taskName":"default@SyscapTransform","_key":":YOLO-main:entry:default@SyscapTransform","_executionId":":YOLO-main:entry:default@SyscapTransform:1747308891932","_inputFiles":{"dataType":"Map","value":[["C:\\HarmonyOs\\DevEco Studio\\sdk\\default\\openharmony\\toolchains\\syscap_tool.exe",{"fileSnapShotHashValue":"ec86f248b3fe48182be9c83aee381cbb"}],["C:\\HarmonyOs\\DevEco Studio\\sdk\\default\\openharmony\\ets\\api\\device-define",{"fileSnapShotHashValue":"f88e9d2a60000f6a2118ac6a088c4993"}]]},"_outputFiles":{"dataType":"Map","value":[["C:\\duan\\home\\xx\\YOLO-main\\entry\\build\\default\\intermediates\\syscap\\default\\rpcid.sc",{"fileSnapShotHashValue":""}]]}},":YOLO-main:entry:default@ProcessResource":{"_inputs":[{"dataType":"ValueEntry","value":"{\"_name\":\"BUILTIN_TASK_COMMAND\",\"_value\":\"\",\"_valueType\":\"string\"}"},{"dataType":"ValueEntry","value":"{\"_name\":\"BUILTIN_TASK_ENV\",\"_value\":\"\",\"_valueType\":\"string\"}"},{"dataType":"ValueEntry","value":"{\"_name\":\"BUILTIN_TASK_TOOLCHAIN\",\"_value\":\"\",\"_valueType\":\"string\"}"},{"dataType":"ValueEntry","value":"{\"_name\":\"C:\\\\duan\\\\home\\\\xx\\\\YOLO-main\\\\entry\\\\build\\\\default\\\\intermediates\\\\res\\\\default\\\\opt-compression.json\",\"_value\":\"{\\\"context\\\":{\\\"extensionPath\\\":\\\"C:\\\\\\\\HarmonyOs\\\\\\\\DevEco Studio\\\\\\\\sdk\\\\\\\\default\\\\\\\\hms\\\\\\\\toolchains\\\\\\\\lib\\\\\\\\libimage_transcoder_shared.dll\\\"},\\\"compression\\\":{\\\"media\\\":{\\\"enable\\\":false},\\\"filters\\\":[]}}\",\"_valueType\":\"string\"}"},{"dataType":"ValueEntry","value":"{\"_name\":\"resConfigJsonContent\",\"_value\":\"{\\\"configPath\\\":\\\"C:\\\\\\\\duan\\\\\\\\home\\\\\\\\xx\\\\\\\\YOLO-main\\\\\\\\entry\\\\\\\\build\\\\\\\\default\\\\\\\\intermediates\\\\\\\\process_profile\\\\\\\\default\\\\\\\\module.json\\\",\\\"packageName\\\":\\\"com.example.yolo1\\\",\\\"output\\\":\\\"C:\\\\\\\\duan\\\\\\\\home\\\\\\\\xx\\\\\\\\YOLO-main\\\\\\\\entry\\\\\\\\build\\\\\\\\default\\\\\\\\intermediates\\\\\\\\res\\\\\\\\default\\\",\\\"moduleNames\\\":\\\"entry\\\",\\\"ResourceTable\\\":[\\\"C:\\\\\\\\duan\\\\\\\\home\\\\\\\\xx\\\\\\\\YOLO-main\\\\\\\\entry\\\\\\\\build\\\\\\\\default\\\\\\\\generated\\\\\\\\r\\\\\\\\default\\\\\\\\ResourceTable.h\\\"],\\\"applicationResource\\\":\\\"C:\\\\\\\\duan\\\\\\\\home\\\\\\\\xx\\\\\\\\YOLO-main\\\\\\\\AppScope\\\\\\\\resources\\\",\\\"moduleResources\\\":[\\\"C:\\\\\\\\duan\\\\\\\\home\\\\\\\\xx\\\\\\\\YOLO-main\\\\\\\\entry\\\\\\\\src\\\\\\\\main\\\\\\\\resources\\\"],\\\"dependencies\\\":[],\\\"iconCheck\\\":true,\\\"ids\\\":\\\"C:\\\\\\\\duan\\\\\\\\home\\\\\\\\xx\\\\\\\\YOLO-main\\\\\\\\entry\\\\\\\\build\\\\\\\\default\\\\\\\\intermediates\\\\\\\\res\\\\\\\\default\\\\\\\\ids_map\\\",\\\"definedIds\\\":\\\"C:\\\\\\\\duan\\\\\\\\home\\\\\\\\xx\\\\\\\\YOLO-main\\\\\\\\entry\\\\\\\\build\\\\\\\\default\\\\\\\\intermediates\\\\\\\\res\\\\\\\\default\\\\\\\\ids_map\\\\\\\\id_defined.json\\\",\\\"definedSysIds\\\":\\\"C:\\\\\\\\HarmonyOs\\\\\\\\DevEco Studio\\\\\\\\sdk\\\\\\\\default\\\\\\\\hms\\\\\\\\toolchains\\\\\\\\id_defined.json\\\"}\",\"_valueType\":\"string\"}"},{"dataType":"ValueEntry","value":"{\"_name\":\"resource_str\",\"_value\":false,\"_valueType\":\"boolean\"}"}],"_successful":true,"_projectName":"YOLO-main","_moduleName":"entry","_taskName":"default@ProcessResource","_key":":YOLO-main:entry:default@ProcessResource","_executionId":":YOLO-main:entry:default@ProcessResource:1747190482169","_inputFiles":{"dataType":"Map","value":[]},"_outputFiles":{"dataType":"Map","value":[["C:\\duan\\home\\xx\\YOLO-main\\entry\\build\\default\\intermediates\\res\\default\\resConfig.json",{"isDirectory":false,"fileSnapShotHashValue":"7c6dd896d9d4851a43c59e5d83420378"}],["C:\\duan\\home\\xx\\YOLO-main\\entry\\build\\default\\intermediates\\res\\default\\opt-compression.json",{"isDirectory":false,"fileSnapShotHashValue":"2434feda6bfa993fa6e7a82a928a664e"}]]}},":YOLO-main:entry:default@ProcessLibs":{"_inputs":[{"dataType":"ValueEntry","value":"{\"_name\":\"BUILTIN_TASK_COMMAND\",\"_value\":\"\",\"_valueType\":\"string\"}"},{"dataType":"ValueEntry","value":"{\"_name\":\"BUILTIN_TASK_ENV\",\"_value\":\"\",\"_valueType\":\"string\"}"},{"dataType":"ValueEntry","value":"{\"_name\":\"BUILTIN_TASK_TOOLCHAIN\",\"_value\":\"\",\"_valueType\":\"string\"}"},{"dataType":"ValueEntry","value":"{\"_name\":\"excludeFromHar\",\"_value\":true,\"_valueType\":\"boolean\"}"},{"dataType":"ValueEntry","value":"{\"_name\":\"isBundledDependencies\",\"_value\":false,\"_valueType\":\"boolean\"}"},{"dataType":"ValueEntry","value":"{\"_name\":\"isByteCodeHar\",\"_value\":false,\"_valueType\":\"boolean\"}"}],"_successful":true,"_projectName":"YOLO-main","_moduleName":"entry","_taskName":"default@ProcessLibs","_key":":YOLO-main:entry:default@ProcessLibs","_executionId":":YOLO-main:entry:default@ProcessLibs:1747190482366","_inputFiles":{"dataType":"Map","value":[["C:\\duan\\home\\xx\\YOLO-main\\build-profile.json5",{"fileSnapShotHashValue":"b4b71584defeb3fe36ade1fe3e4e13a2"}],["C:\\duan\\home\\xx\\YOLO-main\\entry\\build-profile.json5",{"fileSnapShotHashValue":"91a9285ef72e43581d6332792ae2b469"}]]},"_outputFiles":{"dataType":"Map","value":[["C:\\duan\\home\\xx\\YOLO-main\\entry\\build\\default\\intermediates\\libs\\default",{"isDirectory":true,"fileSnapShotHashValue":""}]]}},":YOLO-main:entry:default@CompileResource":{"_inputs":[{"dataType":"ValueEntry","value":"{\"_name\":\"TARGET_CONFIG\",\"_value\":\"{\\\"name\\\":\\\"default\\\"}\",\"_valueType\":\"string\"}"},{"dataType":"ValueEntry","value":"{\"_name\":\"BUILTIN_TASK_COMMAND\",\"_value\":\"C:\\\\HarmonyOs\\\\DevEco Studio\\\\sdk\\\\default\\\\openharmony\\\\toolchains\\\\restool.exe,-l,C:\\\\duan\\\\home\\\\xx\\\\YOLO-main\\\\entry\\\\build\\\\default\\\\intermediates\\\\res\\\\default\\\\resConfig.json\",\"_valueType\":\"string\"}"},{"dataType":"ValueEntry","value":"{\"_name\":\"BUILTIN_TASK_TOOLCHAIN\",\"_value\":\"C:\\\\HarmonyOs\\\\DevEco Studio\\\\sdk\\\\default\\\\openharmony\\\\toolchains\\\\restool.exe\",\"_valueType\":\"string\"}"},{"dataType":"ValueEntry","value":"{\"_name\":\"BUILTIN_TASK_ENV\",\"_value\":\"\",\"_valueType\":\"string\"}"}],"_successful":true,"_projectName":"YOLO-main","_moduleName":"entry","_taskName":"default@CompileResource","_key":":YOLO-main:entry:default@CompileResource","_executionId":":YOLO-main:entry:default@CompileResource:1747308892785","_inputFiles":{"dataType":"Map","value":[["C:\\duan\\home\\xx\\YOLO-main\\entry\\src\\main\\resources",{"fileSnapShotHashValue":"44569d9d57c740f3afd97f4abfa1fc0a"}],["C:\\duan\\home\\xx\\YOLO-main\\AppScope\\resources",{"fileSnapShotHashValue":"70bd926f99730177eff3808fc170f85a"}],["C:\\duan\\home\\xx\\YOLO-main\\entry\\build\\default\\intermediates\\process_profile\\default\\module.json",{"isDirectory":false,"fileSnapShotHashValue":"91570a65cb79022bba0935a4b45a7006"}],["C:\\duan\\home\\xx\\YOLO-main\\entry\\build\\default\\intermediates\\res\\default\\resConfig.json",{"isDirectory":false,"fileSnapShotHashValue":"7c6dd896d9d4851a43c59e5d83420378"}]]},"_outputFiles":{"dataType":"Map","value":[["C:\\duan\\home\\xx\\YOLO-main\\entry\\build\\default\\intermediates\\res\\default",{"isDirectory":true,"fileSnapShotHashValue":"cab11690d2cb27c53e58487ec9057d82"}],["C:\\duan\\home\\xx\\YOLO-main\\entry\\build\\default\\generated\\r\\default\\ResourceTable.h",{"isDirectory":false,"fileSnapShotHashValue":"885ca1938a8b058bf1d5511a9e559909"}],["C:\\duan\\home\\xx\\YOLO-main\\entry\\build\\default\\generated\\r\\default",{"isDirectory":true,"fileSnapShotHashValue":"a53738e7db4aa382a818aa1f0922ad75"}]]}},":YOLO-main:entry:default@CompileArkTS":{"_inputs":[{"dataType":"ValueEntry","value":"{\"_name\":\"debuggable\",\"_value\":true,\"_valueType\":\"boolean\"}"},{"dataType":"ValueEntry","value":"{\"_name\":\"isArk\",\"_value\":true,\"_valueType\":\"boolean\"}"},{"dataType":"ValueEntry","value":"{\"_name\":\"needCoverageInsert\",\"_value\":false,\"_valueType\":\"boolean\"}"},{"dataType":"ValueEntry","value":"{\"_name\":\"ark.tsImportSendable\",\"_value\":false,\"_valueType\":\"boolean\"}"},{"dataType":"ValueEntry","value":"{\"_name\":\"customTypes\",\"_value\":\"\",\"_valueType\":\"string\"}"},{"dataType":"ValueEntry","value":"{\"_name\":\"caseSensitiveCheck\",\"_value\":true,\"_valueType\":\"boolean\"}"},{"dataType":"ValueEntry","value":"{\"_name\":\"useNormalizedOHMUrl\",\"_value\":true,\"_valueType\":\"boolean\"}"},{"dataType":"ValueEntry","value":"{\"_name\":\"transformLib\",\"_value\":\"\",\"_valueType\":\"string\"}"},{"dataType":"ValueEntry","value":"{\"_name\":\"compatibleSdkVersionStage\",\"_value\":\"\",\"_valueType\":\"string\"}"},{"dataType":"ValueEntry","value":"{\"_name\":\"autoLazyImport\",\"_value\":false,\"_valueType\":\"boolean\"}"},{"dataType":"ValueEntry","value":"{\"_name\":\"allowEmptyBundleName\",\"_value\":false,\"_valueType\":\"boolean\"}"},{"dataType":"ValueEntry","value":"{\"_name\":\"arkTsWdiget\",\"_value\":false,\"_valueType\":\"boolean\"}"},{"dataType":"ValueEntry","value":"{\"_name\":\"OBFUSCATION_ENABLE\",\"_value\":\"undefined\",\"_valueType\":\"string\"}"},{"dataType":"ValueEntry","value":"{\"_name\":\"copyCodeResourceEnable\",\"_value\":true,\"_valueType\":\"boolean\"}"},{"dataType":"ValueEntry","value":"{\"_name\":\"copyCodeResourceExcludes\",\"_value\":[],\"_valueType\":\"object\"}"},{"dataType":"ValueEntry","value":"{\"_name\":\"noExternalImportByPath\",\"_value\":true,\"_valueType\":\"boolean\"}"},{"dataType":"ValueEntry","value":"{\"_name\":\"ohos.uiTransform.Optimization\",\"_value\":false,\"_valueType\":\"boolean\"}"},{"dataType":"ValueEntry","value":"{\"_name\":\"BUILTIN_TASK_COMMAND\",\"_value\":\"\",\"_valueType\":\"string\"}"},{"dataType":"ValueEntry","value":"{\"_name\":\"BUILTIN_TASK_TOOLCHAIN\",\"_value\":\"\",\"_valueType\":\"string\"}"},{"dataType":"ValueEntry","value":"{\"_name\":\"BUILTIN_TASK_ENV\",\"_value\":\"\",\"_valueType\":\"string\"}"}],"_successful":true,"_projectName":"YOLO-main","_moduleName":"entry","_taskName":"default@CompileArkTS","_key":":YOLO-main:entry:default@CompileArkTS","_executionId":":YOLO-main:entry:default@CompileArkTS:1747308893714","_inputFiles":{"dataType":"Map","value":[["C:\\duan\\home\\xx\\YOLO-main\\entry\\build\\default\\intermediates\\loader\\default",{"isDirectory":true,"fileSnapShotHashValue":"7bbed7decd0451f8dc30a6cbe57aae3e"}],["C:\\duan\\home\\xx\\YOLO-main\\entry\\build\\default\\intermediates\\res\\default\\ResourceTable.txt",{"fileSnapShotHashValue":"7958ba641d8f75a2ef1986837fdb946d"}],["C:\\duan\\home\\xx\\YOLO-main\\entry\\build\\default\\intermediates\\res\\default\\ark_module.json",{"fileSnapShotHashValue":"845680c8ba1f5a16188625061702693b"}],["C:\\duan\\home\\xx\\YOLO-main\\entry\\build\\default\\intermediates\\res\\default\\resources\\base\\profile",{"isDirectory":true,"fileSnapShotHashValue":"fd92b20aca8eaf0beed0292044326533"}],["C:\\duan\\home\\xx\\YOLO-main\\entry\\src\\main\\ets",{"isDirectory":true,"fileSnapShotHashValue":"b57ee11b889163ef72ee44ce50e7fa71"}],["C:\\duan\\home\\xx\\YOLO-main\\entry\\build\\default\\intermediates\\loader\\default\\pkgContextInfo.json",{"fileSnapShotHashValue":"a7d8dc548e7f493a11330900ccf573cd"}],["C:\\duan\\home\\xx\\YOLO-main\\entry\\build\\default\\generated\\profile\\default\\BuildProfile.ets",{"fileSnapShotHashValue":"677323eb5a1bfa98daf198173c413906"}],["C:\\duan\\home\\xx\\YOLO-main\\entry\\src\\mock\\mock-config.json5",{"isDirectory":false,"fileSnapShotHashValue":"658dc3b869433e99a359cc182c9e2f4d"}]]},"_outputFiles":{"dataType":"Map","value":[["C:\\duan\\home\\xx\\YOLO-main\\entry\\build\\default\\intermediates\\loader_out\\default\\ets",{"isDirectory":true,"fileSnapShotHashValue":"4b011bee794954be672707ba72213653"}]]}},":YOLO-main:entry:default@BuildJS":{"_inputs":[{"dataType":"ValueEntry","value":"{\"_name\":\"debuggable\",\"_value\":true,\"_valueType\":\"boolean\"}"},{"dataType":"ValueEntry","value":"{\"_name\":\"isArk\",\"_value\":true,\"_valueType\":\"boolean\"}"},{"dataType":"ValueEntry","value":"{\"_name\":\"needCoverageInsert\",\"_value\":false,\"_valueType\":\"boolean\"}"},{"dataType":"ValueEntry","value":"{\"_name\":\"ark.tsImportSendable\",\"_value\":false,\"_valueType\":\"boolean\"}"},{"dataType":"ValueEntry","value":"{\"_name\":\"customTypes\",\"_value\":\"\",\"_valueType\":\"string\"}"},{"dataType":"ValueEntry","value":"{\"_name\":\"caseSensitiveCheck\",\"_value\":true,\"_valueType\":\"boolean\"}"},{"dataType":"ValueEntry","value":"{\"_name\":\"useNormalizedOHMUrl\",\"_value\":true,\"_valueType\":\"boolean\"}"},{"dataType":"ValueEntry","value":"{\"_name\":\"transformLib\",\"_value\":\"\",\"_valueType\":\"string\"}"},{"dataType":"ValueEntry","value":"{\"_name\":\"compatibleSdkVersionStage\",\"_value\":\"\",\"_valueType\":\"string\"}"},{"dataType":"ValueEntry","value":"{\"_name\":\"autoLazyImport\",\"_value\":false,\"_valueType\":\"boolean\"}"},{"dataType":"ValueEntry","value":"{\"_name\":\"allowEmptyBundleName\",\"_value\":false,\"_valueType\":\"boolean\"}"},{"dataType":"ValueEntry","value":"{\"_name\":\"BUILTIN_TASK_COMMAND\",\"_value\":\"\",\"_valueType\":\"string\"}"},{"dataType":"ValueEntry","value":"{\"_name\":\"BUILTIN_TASK_TOOLCHAIN\",\"_value\":\"\",\"_valueType\":\"string\"}"},{"dataType":"ValueEntry","value":"{\"_name\":\"BUILTIN_TASK_ENV\",\"_value\":\"\",\"_valueType\":\"string\"}"}],"_successful":false,"_projectName":"YOLO-main","_moduleName":"entry","_taskName":"default@BuildJS","_key":":YOLO-main:entry:default@BuildJS","_executionId":":YOLO-main:entry:default@BuildJS:1747308893838","_inputFiles":{"dataType":"Map","value":[["C:\\duan\\home\\xx\\YOLO-main\\entry\\build\\default\\intermediates\\loader\\default",{"isDirectory":true,"fileSnapShotHashValue":"7bbed7decd0451f8dc30a6cbe57aae3e"}],["C:\\duan\\home\\xx\\YOLO-main\\entry\\build\\default\\intermediates\\res\\default\\ResourceTable.txt",{"fileSnapShotHashValue":"7958ba641d8f75a2ef1986837fdb946d"}],["C:\\duan\\home\\xx\\YOLO-main\\entry\\build\\default\\intermediates\\res\\default\\ark_module.json",{"fileSnapShotHashValue":"845680c8ba1f5a16188625061702693b"}],["C:\\duan\\home\\xx\\YOLO-main\\entry\\build\\default\\intermediates\\res\\default\\resources\\base\\profile",{"isDirectory":true,"fileSnapShotHashValue":"fd92b20aca8eaf0beed0292044326533"}],["C:\\duan\\home\\xx\\YOLO-main\\entry\\build\\default\\intermediates\\loader\\default\\pkgContextInfo.json",{"fileSnapShotHashValue":"a7d8dc548e7f493a11330900ccf573cd"}]]},"_outputFiles":{"dataType":"Map","value":[["C:\\duan\\home\\xx\\YOLO-main\\entry\\build\\default\\intermediates\\loader_out\\default\\js",{"isDirectory":true,"fileSnapShotHashValue":""}]]}},":YOLO-main:entry:default@DoNativeStrip":{"_inputs":[{"dataType":"ValueEntry","value":"{\"_name\":\"BUILTIN_TASK_COMMAND\",\"_value\":\"\",\"_valueType\":\"string\"}"},{"dataType":"ValueEntry","value":"{\"_name\":\"BUILTIN_TASK_ENV\",\"_value\":\"\",\"_valueType\":\"string\"}"},{"dataType":"ValueEntry","value":"{\"_name\":\"BUILTIN_TASK_TOOLCHAIN\",\"_value\":\"\",\"_valueType\":\"string\"}"},{"dataType":"ValueEntry","value":"{\"_name\":\"debugSymbol\",\"_value\":\"\",\"_valueType\":\"string\"}"}],"_successful":true,"_projectName":"YOLO-main","_moduleName":"entry","_taskName":"default@DoNativeStrip","_key":":YOLO-main:entry:default@DoNativeStrip","_executionId":":YOLO-main:entry:default@DoNativeStrip:1747190488761","_inputFiles":{"dataType":"Map","value":[["C:\\duan\\home\\xx\\YOLO-main\\entry\\build\\default\\intermediates\\libs\\default",{"isDirectory":true,"fileSnapShotHashValue":""}]]},"_outputFiles":{"dataType":"Map","value":[["C:\\duan\\home\\xx\\YOLO-main\\entry\\build\\default\\intermediates\\stripped_native_libs\\default",{"isDirectory":true,"fileSnapShotHashValue":""}]]}},":YOLO-main:entry:default@CacheNativeLibs":{"_inputs":[{"dataType":"ValueEntry","value":"{\"_name\":\"BUILTIN_TASK_COMMAND\",\"_value\":\"\",\"_valueType\":\"string\"}"},{"dataType":"ValueEntry","value":"{\"_name\":\"BUILTIN_TASK_ENV\",\"_value\":\"\",\"_valueType\":\"string\"}"},{"dataType":"ValueEntry","value":"{\"_name\":\"BUILTIN_TASK_TOOLCHAIN\",\"_value\":\"\",\"_valueType\":\"string\"}"},{"dataType":"ValueEntry","value":"{\"_name\":\"debugSymbol\",\"_value\":\"\",\"_valueType\":\"string\"}"}],"_successful":true,"_projectName":"YOLO-main","_moduleName":"entry","_taskName":"default@CacheNativeLibs","_key":":YOLO-main:entry:default@CacheNativeLibs","_executionId":":YOLO-main:entry:default@CacheNativeLibs:1747190488843","_inputFiles":{"dataType":"Map","value":[["C:\\duan\\home\\xx\\YOLO-main\\entry\\build\\default\\intermediates\\stripped_native_libs\\default",{"isDirectory":true,"fileSnapShotHashValue":""}],["C:\\duan\\home\\xx\\YOLO-main\\entry\\build\\default\\intermediates\\libs\\default",{"isDirectory":true,"fileSnapShotHashValue":""}]]},"_outputFiles":{"dataType":"Map","value":[["C:\\duan\\home\\xx\\YOLO-main\\entry\\build\\default\\intermediates\\patch\\default\\base_native_libs.json",{"isDirectory":false,"fileSnapShotHashValue":"176e47ca9c5f3a7a02c4126a3377214b"}]]}},":YOLO-main:entry:default@GeneratePkgModuleJson":{"_inputs":[{"dataType":"ValueEntry","value":"{\"_name\":\"BUILTIN_TASK_COMMAND\",\"_value\":\"\",\"_valueType\":\"string\"}"},{"dataType":"ValueEntry","value":"{\"_name\":\"BUILTIN_TASK_TOOLCHAIN\",\"_value\":\"\",\"_valueType\":\"string\"}"},{"dataType":"ValueEntry","value":"{\"_name\":\"BUILTIN_TASK_ENV\",\"_value\":\"\",\"_valueType\":\"string\"}"}],"_successful":true,"_projectName":"YOLO-main","_moduleName":"entry","_taskName":"default@GeneratePkgModuleJson","_key":":YOLO-main:entry:default@GeneratePkgModuleJson","_executionId":":YOLO-main:entry:default@GeneratePkgModuleJson:1747308911797","_inputFiles":{"dataType":"Map","value":[["C:\\duan\\home\\xx\\YOLO-main\\entry\\build\\default\\intermediates\\res\\default\\module.json",{"fileSnapShotHashValue":"25849b86b52e338200e6e77ba88f3401"}]]},"_outputFiles":{"dataType":"Map","value":[["C:\\duan\\home\\xx\\YOLO-main\\entry\\build\\default\\intermediates\\package\\default\\module.json",{"fileSnapShotHashValue":"25849b86b52e338200e6e77ba88f3401"}]]}},":YOLO-main:entry:default@PackageHap":{"_inputs":[{"dataType":"ValueEntry","value":"{\"_name\":\"hotReload\",\"_value\":false,\"_valueType\":\"boolean\"}"},{"dataType":"ValueEntry","value":"{\"_name\":\"integrated_hsp\",\"_value\":false,\"_valueType\":\"boolean\"}"},{"dataType":"ValueEntry","value":"{\"_name\":\"projectConfigAppOpt\",\"_valueType\":\"undefined\"}"},{"dataType":"ValueEntry","value":"{\"_name\":\"sourceMapDir\",\"_value\":\"\",\"_valueType\":\"string\"}"},{"dataType":"ValueEntry","value":"{\"_name\":\"bundleType\",\"_value\":\"app\",\"_valueType\":\"string\"}"},{"dataType":"ValueEntry","value":"{\"_name\":\"BUILTIN_TASK_COMMAND\",\"_value\":\"java,-Dfile.encoding=GBK,-jar,C:\\\\HarmonyOs\\\\DevEco Studio\\\\sdk\\\\default\\\\openharmony\\\\toolchains\\\\lib\\\\app_packing_tool.jar,--mode,hap,--force,true,--lib-path,C:\\\\duan\\\\home\\\\xx\\\\YOLO-main\\\\entry\\\\build\\\\default\\\\intermediates\\\\stripped_native_libs\\\\default,--json-path,C:\\\\duan\\\\home\\\\xx\\\\YOLO-main\\\\entry\\\\build\\\\default\\\\intermediates\\\\package\\\\default\\\\module.json,--resources-path,C:\\\\duan\\\\home\\\\xx\\\\YOLO-main\\\\entry\\\\build\\\\default\\\\intermediates\\\\res\\\\default\\\\resources,--index-path,C:\\\\duan\\\\home\\\\xx\\\\YOLO-main\\\\entry\\\\build\\\\default\\\\intermediates\\\\res\\\\default\\\\resources.index,--pack-info-path,C:\\\\duan\\\\home\\\\xx\\\\YOLO-main\\\\entry\\\\build\\\\default\\\\outputs\\\\default\\\\pack.info,--out-path,C:\\\\duan\\\\home\\\\xx\\\\YOLO-main\\\\entry\\\\build\\\\default\\\\outputs\\\\default\\\\entry-default-unsigned.hap,--ets-path,C:\\\\duan\\\\home\\\\xx\\\\YOLO-main\\\\entry\\\\build\\\\default\\\\intermediates\\\\loader_out\\\\default\\\\ets,--pkg-context-path,C:\\\\duan\\\\home\\\\xx\\\\YOLO-main\\\\entry\\\\build\\\\default\\\\intermediates\\\\loader\\\\default\\\\pkgContextInfo.json\",\"_valueType\":\"string\"}"},{"dataType":"ValueEntry","value":"{\"_name\":\"BUILTIN_TASK_TOOLCHAIN\",\"_value\":\"C:\\\\HarmonyOs\\\\DevEco Studio\\\\sdk\\\\default\\\\openharmony\\\\toolchains\\\\lib\\\\app_packing_tool.jar\",\"_valueType\":\"string\"}"},{"dataType":"ValueEntry","value":"{\"_name\":\"BUILTIN_TASK_ENV\",\"_value\":\"\",\"_valueType\":\"string\"}"}],"_successful":true,"_projectName":"YOLO-main","_moduleName":"entry","_taskName":"default@PackageHap","_key":":YOLO-main:entry:default@PackageHap","_executionId":":YOLO-main:entry:default@PackageHap:1747308911861","_inputFiles":{"dataType":"Map","value":[["C:\\duan\\home\\xx\\YOLO-main\\entry\\build\\default\\intermediates\\stripped_native_libs\\default",{"isDirectory":false,"fileSnapShotHashValue":""}],["C:\\duan\\home\\xx\\YOLO-main\\entry\\build\\default\\intermediates\\res\\default\\module.json",{"isDirectory":false,"fileSnapShotHashValue":"25849b86b52e338200e6e77ba88f3401"}],["C:\\duan\\home\\xx\\YOLO-main\\entry\\build\\default\\intermediates\\res\\default\\resources",{"isDirectory":false,"fileSnapShotHashValue":"9a85b682207953b3f45493675fd121de"}],["C:\\duan\\home\\xx\\YOLO-main\\entry\\build\\default\\intermediates\\res\\default\\resources.index",{"isDirectory":false,"fileSnapShotHashValue":"5d3f518987f12d5510fb36dcf1464ff9"}],["C:\\duan\\home\\xx\\YOLO-main\\entry\\build\\default\\outputs\\default\\pack.info",{"isDirectory":false,"fileSnapShotHashValue":"3b365eb9d9e5a84b577c4143034757eb"}],["C:\\duan\\home\\xx\\YOLO-main\\entry\\build\\default\\intermediates\\loader_out\\default\\ets",{"isDirectory":false,"fileSnapShotHashValue":"4b011bee794954be672707ba72213653"}],["C:\\duan\\home\\xx\\YOLO-main\\entry\\build\\default\\intermediates\\loader\\default\\pkgContextInfo.json",{"isDirectory":false,"fileSnapShotHashValue":"a7d8dc548e7f493a11330900ccf573cd"}],["C:\\duan\\home\\xx\\YOLO-main\\entry\\build\\default\\intermediates\\loader_out\\default\\ets\\sourceMaps.map",{"isDirectory":false,"fileSnapShotHashValue":"c29f727d08d4f97823d344340859c9fc"}],["C:\\duan\\home\\xx\\YOLO-main\\entry\\build\\default\\generated\\profile\\default\\BuildProfile.ets",{"fileSnapShotHashValue":"677323eb5a1bfa98daf198173c413906"}]]},"_outputFiles":{"dataType":"Map","value":[["C:\\duan\\home\\xx\\YOLO-main\\entry\\build\\default\\outputs\\default\\entry-default-unsigned.hap",{"isDirectory":false,"fileSnapShotHashValue":"e528450a24d249fe5d8144d93bc34f64"}],["C:\\duan\\home\\xx\\YOLO-main\\entry\\build\\default\\intermediates\\source_map\\default\\sourceMaps.map",{"fileSnapShotHashValue":"c29f727d08d4f97823d344340859c9fc"}],["C:\\duan\\home\\xx\\YOLO-main\\entry\\build\\default\\outputs\\default\\mapping\\sourceMaps.map",{"fileSnapShotHashValue":"c29f727d08d4f97823d344340859c9fc"}]]}},":YOLO-main:entry:default@SignHap":{"_inputs":[{"dataType":"ValueEntry","value":"{\"_name\":\"enableSignTask\",\"_value\":true,\"_valueType\":\"boolean\"}"},{"dataType":"ValueEntry","value":"{\"_name\":\"sdkToolchainsComponentVersion\",\"_value\":\"5.0.5.160\",\"_valueType\":\"string\"}"},{"dataType":"ValueEntry","value":"{\"_name\":\"existSigningConfig\",\"_value\":false,\"_valueType\":\"boolean\"}"},{"dataType":"ValueEntry","value":"{\"_name\":\"BUILTIN_TASK_COMMAND\",\"_value\":\"\",\"_valueType\":\"string\"}"},{"dataType":"ValueEntry","value":"{\"_name\":\"BUILTIN_TASK_TOOLCHAIN\",\"_value\":\"\",\"_valueType\":\"string\"}"},{"dataType":"ValueEntry","value":"{\"_name\":\"BUILTIN_TASK_ENV\",\"_value\":\"\",\"_valueType\":\"string\"}"}],"_successful":true,"_projectName":"YOLO-main","_moduleName":"entry","_taskName":"default@SignHap","_key":":YOLO-main:entry:default@SignHap","_executionId":":YOLO-main:entry:default@SignHap:1747308913550","_inputFiles":{"dataType":"Map","value":[["C:\\duan\\home\\xx\\YOLO-main\\entry\\build\\default\\outputs\\default\\entry-default-unsigned.hap",{"isDirectory":false,"fileSnapShotHashValue":"e528450a24d249fe5d8144d93bc34f64"}]]},"_outputFiles":{"dataType":"Map","value":[["C:\\duan\\home\\xx\\YOLO-main\\entry\\build\\default\\outputs\\default\\entry-default-signed.hap",{"isDirectory":false,"fileSnapShotHashValue":""}]]}},":YOLO-main:entry:default@CollectDebugSymbol":{"_inputs":[{"dataType":"ValueEntry","value":"{\"_name\":\"BUILTIN_TASK_COMMAND\",\"_value\":\"\",\"_valueType\":\"string\"}"},{"dataType":"ValueEntry","value":"{\"_name\":\"BUILTIN_TASK_TOOLCHAIN\",\"_value\":\"\",\"_valueType\":\"string\"}"},{"dataType":"ValueEntry","value":"{\"_name\":\"BUILTIN_TASK_ENV\",\"_value\":\"\",\"_valueType\":\"string\"}"}],"_successful":false,"_projectName":"YOLO-main","_moduleName":"entry","_taskName":"default@CollectDebugSymbol","_key":":YOLO-main:entry:default@CollectDebugSymbol","_executionId":":YOLO-main:entry:default@CollectDebugSymbol:1747308913586","_inputFiles":{"dataType":"Map","value":[["C:\\duan\\home\\xx\\YOLO-main\\entry\\build\\default\\intermediates\\loader_out\\default\\ets\\sourceMaps.map",{"fileSnapShotHashValue":"c29f727d08d4f97823d344340859c9fc"}],["C:\\duan\\home\\xx\\YOLO-main\\entry\\build\\default\\intermediates\\libs\\default",{"isDirectory":true,"fileSnapShotHashValue":""}]]},"_outputFiles":{"dataType":"Map","value":[["C:\\duan\\home\\xx\\YOLO-main\\entry\\build\\default\\outputs\\default\\symbol",{"isDirectory":true,"fileSnapShotHashValue":""}]]}}}